,Year,Round,Region,Game,AFSeed,AFTeam,AFScore,AUSeed,AUTeam,AUScore,Fti,Uti
0,1985,1,NW,1,1,St. John's,83,16,Southern,59,1,2
1,1985,1,NW,2,8,Iowa,54,9,Arkansas,63,3,4
2,1985,1,NW,3,5,Washington,58,12,Kentucky,66,5,6
3,1985,1,NW,4,4,UNLV,85,13,San Diego St.,80,7,8
4,1985,1,NW,5,6,Tulsa,75,11,UTEP,79,9,10
5,1985,1,NW,6,3,North Carolina St.,65,14,Nevada,56,11,12
6,1985,1,NW,7,7,Alabama,50,10,Arizona,41,13,14
7,1985,1,NW,8,2,VCU,81,15,Marshall,65,15,16
8,1985,1,SW,9,1,Georgetown,68,16,Lehigh,43,17,18
9,1985,1,SW,10,8,Temple,60,9,Virginia Tech,57,19,20
10,1985,1,SW,11,5,SMU,85,12,Old Dominion,68,21,22
11,1985,1,SW,12,4,Loyola Chicago,59,13,Iona,58,23,24
12,1985,1,SW,13,6,Georgia,67,11,Wichita St.,59,25,26
13,1985,1,SW,14,3,Illinois,76,14,Northeastern,57,27,28
14,1985,1,SW,15,7,Syracuse,70,10,DePaul,65,29,30
15,1985,1,SW,16,2,Georgia Tech,65,15,Mercer,58,31,32
16,1985,1,NE,17,1,Oklahoma,96,16,North Carolina A&T,83,33,34
17,1985,1,NE,18,8,USC,55,9,Illinois St.,58,35,36
18,1985,1,NE,19,5,Louisiana Tech,78,12,Pittsburgh,54,37,38
19,1985,1,NE,20,4,Ohio St.,75,13,Iowa St.,64,39,40
20,1985,1,NE,21,6,Texas Tech,53,11,Boston College,55,41,42
21,1985,1,NE,22,3,Duke,75,14,Pepperdine,62,43,44
22,1985,1,NE,23,7,UAB,70,10,Michigan St.,68,45,46
23,1985,1,NE,24,2,Memphis,67,15,Penn,55,47,48
24,1985,1,SE,25,1,Michigan,59,16,Fairleigh Dickinson,55,49,50
25,1985,1,SE,26,8,Villanova,51,9,Dayton,49,51,52
26,1985,1,SE,27,5,Maryland,69,12,Miami OH,68,53,54
27,1985,1,SE,28,4,LSU,55,13,Navy,78,55,56
28,1985,1,SE,29,6,Purdue,58,11,Auburn,59,57,58
29,1985,1,SE,30,3,Kansas,49,14,Ohio,38,59,60
30,1985,1,SE,31,7,Notre Dame,79,10,Oregon St.,70,61,62
31,1985,1,SE,32,2,North Carolina,76,15,Middle Tennessee,57,63,64
63,1986,1,NW,1,1,Kentucky,75,16,Davidson,55,1,2
64,1986,1,NW,2,8,Western Kentucky,67,9,Nebraska,59,3,4
65,1986,1,NW,3,5,Alabama,97,12,Xavier,80,5,6
66,1986,1,NW,4,4,Illinois,75,13,Fairfield,51,7,8
67,1986,1,NW,5,6,Purdue,87,11,LSU,94,9,10
68,1986,1,NW,6,3,Memphis,95,14,Ball St.,63,11,12
69,1986,1,NW,7,7,Virginia Tech,62,10,Villanova,71,13,14
70,1986,1,NW,8,2,Georgia Tech,68,15,Marist,53,15,16
71,1986,1,SW,9,1,St. John's,83,16,Montana St.,74,17,18
72,1986,1,SW,10,8,Auburn,73,9,Arizona,63,19,20
73,1986,1,SW,11,5,Maryland,69,12,Pepperdine,64,21,22
74,1986,1,SW,12,4,UNLV,74,13,Louisiana Monroe,51,23,24
75,1986,1,SW,13,6,UAB,66,11,Missouri,64,25,26
76,1986,1,SW,14,3,North Carolina,84,14,Utah,72,27,28
77,1986,1,SW,15,7,Bradley,83,10,UTEP,65,29,30
78,1986,1,SW,16,2,Louisville,93,15,Drexel,73,31,32
79,1986,1,NE,17,1,Duke,85,16,Mississippi Valley St.,78,33,34
80,1986,1,NE,18,8,Old Dominion,72,9,West Virginia,64,35,36
81,1986,1,NE,19,5,Virginia,68,12,DePaul,72,37,38
82,1986,1,NE,20,4,Oklahoma,80,13,Northeastern,74,39,40
83,1986,1,NE,21,6,Saint Joseph's,60,11,Richmond,59,41,42
84,1986,1,NE,22,3,Indiana,79,14,Cleveland St.,83,43,44
85,1986,1,NE,23,7,Navy,87,10,Tulsa,68,45,46
86,1986,1,NE,24,2,Syracuse,101,15,Brown,52,47,48
87,1986,1,SE,25,1,Kansas,71,16,North Carolina A&T,46,49,50
88,1986,1,SE,26,8,Jacksonville,50,9,Temple,61,51,52
89,1986,1,SE,27,5,Michigan St.,72,12,Washington,70,53,54
90,1986,1,SE,28,4,Georgetown,70,13,Texas Tech,64,55,56
91,1986,1,SE,29,6,North Carolina St.,66,11,Iowa,64,57,58
92,1986,1,SE,30,3,Notre Dame,83,14,Little Rock,90,59,60
93,1986,1,SE,31,7,Iowa St.,81,10,Miami OH,79,61,62
94,1986,1,SE,32,2,Michigan,70,15,Akron,64,63,64
126,1987,1,NW,1,1,UNLV,95,16,Idaho St.,70,1,2
127,1987,1,NW,2,8,Georgia,79,9,Kansas St.,82,3,4
128,1987,1,NW,3,5,Virginia,60,12,Wyoming,64,5,6
129,1987,1,NW,4,4,UCLA,92,13,Central Michigan,73,7,8
130,1987,1,NW,5,6,Oklahoma,74,11,Tulsa,69,9,10
131,1987,1,NW,6,3,Pittsburgh,93,14,Marist,68,11,12
132,1987,1,NW,7,7,UTEP,98,10,Arizona,91,13,14
133,1987,1,NW,8,2,Iowa,99,15,Santa Clara,76,15,16
134,1987,1,SW,9,1,Indiana,92,16,Fairfield,58,17,18
135,1987,1,SW,10,8,Auburn,62,9,San Diego,61,19,20
136,1987,1,SW,11,5,Duke,58,12,Texas A&M,51,21,22
137,1987,1,SW,12,4,Missouri,69,13,Xavier,70,23,24
138,1987,1,SW,13,6,St. John's,57,11,Wichita St.,55,25,26
139,1987,1,SW,14,3,DePaul,76,14,Louisiana Tech,62,27,28
140,1987,1,SW,15,7,Georgia Tech,79,10,LSU,85,29,30
141,1987,1,SW,16,2,Temple,75,15,Southern,56,31,32
142,1987,1,NE,17,1,Georgetown,75,16,Bucknell,53,33,34
143,1987,1,NE,18,8,Kentucky,77,9,Ohio St.,91,35,36
144,1987,1,NE,19,5,Kansas,66,12,Houston,55,37,38
145,1987,1,NE,20,4,Clemson,60,13,Missouri St.,65,39,40
146,1987,1,NE,21,6,Providence,90,11,UAB,68,41,42
147,1987,1,NE,22,3,Illinois,67,14,Austin Peay,68,43,44
148,1987,1,NE,23,7,New Orleans,83,10,BYU,79,45,46
149,1987,1,NE,24,2,Alabama,88,15,North Carolina A&T,71,47,48
150,1987,1,SE,25,1,North Carolina,113,16,Penn,82,49,50
151,1987,1,SE,26,8,Navy,82,9,Michigan,97,51,52
152,1987,1,SE,27,5,Notre Dame,84,12,Middle Tennessee,71,53,54
153,1987,1,SE,28,4,TCU,76,13,Marshall,60,55,56
154,1987,1,SE,29,6,Florida,82,11,North Carolina St.,70,57,58
155,1987,1,SE,30,3,Purdue,104,14,Northeastern,95,59,60
156,1987,1,SE,31,7,West Virginia,62,10,Western Kentucky,64,61,62
157,1987,1,SE,32,2,Syracuse,79,15,Georgia Southern,73,63,64
189,1988,1,NW,1,1,Purdue,94,16,Fairleigh Dickinson,79,1,2
190,1988,1,NW,2,8,Baylor,60,9,Memphis,75,3,4
191,1988,1,NW,3,5,DePaul,83,12,Wichita St.,62,5,6
192,1988,1,NW,4,4,Kansas St.,66,13,La Salle,53,7,8
193,1988,1,NW,5,6,Kansas,85,11,Xavier,72,9,10
194,1988,1,NW,6,3,North Carolina St.,75,14,Murray St.,78,11,12
195,1988,1,NW,7,7,Vanderbilt,80,10,Utah St.,77,13,14
196,1988,1,NW,8,2,Pittsburgh,108,15,Eastern Michigan,90,15,16
197,1988,1,SW,9,1,Temple,87,16,Lehigh,73,17,18
198,1988,1,SW,10,8,Georgetown,66,9,LSU,63,19,20
199,1988,1,SW,11,5,Georgia Tech,90,12,Iowa St.,78,21,22
200,1988,1,SW,12,4,Indiana,69,13,Richmond,72,23,24
201,1988,1,SW,13,6,Missouri,80,11,Rhode Island,87,25,26
202,1988,1,SW,14,3,Syracuse,69,14,North Carolina A&T,55,27,28
203,1988,1,SW,15,7,SMU,83,10,Notre Dame,75,29,30
204,1988,1,SW,16,2,Duke,85,15,Boston University,69,31,32
205,1988,1,NE,17,1,Arizona,90,16,Cornell,50,33,34
206,1988,1,NE,18,8,Seton Hall,80,9,UTEP,64,35,36
207,1988,1,NE,19,5,Iowa,102,12,Florida St.,98,37,38
208,1988,1,NE,20,4,UNLV,54,13,Missouri St.,50,39,40
209,1988,1,NE,21,6,Florida,62,11,St. John's,59,41,42
210,1988,1,NE,22,3,Michigan,63,14,Boise St.,58,43,44
211,1988,1,NE,23,7,Wyoming,115,10,Loyola Marymount,119,45,46
212,1988,1,NE,24,2,North Carolina,83,15,North Texas,65,47,48
213,1988,1,SE,25,1,Oklahoma,94,16,Chattanooga,66,49,50
214,1988,1,SE,26,8,Auburn,90,9,Bradley,86,51,52
215,1988,1,SE,27,5,Louisville,70,12,Oregon St.,61,53,54
216,1988,1,SE,28,4,BYU,98,13,Charlotte,92,55,56
217,1988,1,SE,29,6,Villanova,82,11,Arkansas,74,57,58
218,1988,1,SE,30,3,Illinois,81,14,UTSA,72,59,60
219,1988,1,SE,31,7,Maryland,92,10,UC Santa Barbara,82,61,62
220,1988,1,SE,32,2,Kentucky,99,15,Southern,84,63,64
252,1989,1,NW,1,1,Illinois,77,16,McNeese St.,71,1,2
253,1989,1,NW,2,8,Pittsburgh,64,9,Ball St.,68,3,4
254,1989,1,NW,3,5,Arkansas,120,12,Loyola Marymount,101,5,6
255,1989,1,NW,4,4,Louisville,76,13,Little Rock,71,7,8
256,1989,1,NW,5,6,Georgia Tech,70,11,Texas,76,9,10
257,1989,1,NW,6,3,Missouri,85,14,Creighton,69,11,12
258,1989,1,NW,7,7,Florida,46,10,Colorado St.,68,13,14
259,1989,1,NW,8,2,Syracuse,104,15,Bucknell,81,15,16
260,1989,1,SW,9,1,Oklahoma,72,16,East Tennessee St.,71,17,18
261,1989,1,SW,10,8,La Salle,74,9,Louisiana Tech,83,19,20
262,1989,1,SW,11,5,Virginia,100,12,Providence,97,21,22
263,1989,1,SW,12,4,Florida St.,83,13,Middle Tennessee,97,23,24
264,1989,1,SW,13,6,Alabama,84,11,South Alabama,86,25,26
265,1989,1,SW,14,3,Michigan,92,14,Xavier,87,27,28
266,1989,1,SW,15,7,UCLA,84,10,Iowa St.,74,29,30
267,1989,1,SW,16,2,North Carolina,93,15,Southern,79,31,32
268,1989,1,NE,17,1,Georgetown,50,16,Princeton,49,33,34
269,1989,1,NE,18,8,Vanderbilt,65,9,Notre Dame,81,35,36
270,1989,1,NE,19,5,North Carolina St.,81,12,South Carolina,66,37,38
271,1989,1,NE,20,4,Iowa,87,13,Rutgers,73,39,40
272,1989,1,NE,21,6,Kansas St.,75,11,Minnesota,86,41,42
273,1989,1,NE,22,3,Stanford,78,14,Siena,80,43,44
274,1989,1,NE,23,7,West Virginia,84,10,Tennessee,68,45,46
275,1989,1,NE,24,2,Duke,90,15,South Carolina St.,69,47,48
276,1989,1,SE,25,1,Arizona,94,16,Robert Morris,60,49,50
277,1989,1,SE,26,8,Saint Mary's,70,9,Clemson,83,51,52
278,1989,1,SE,27,5,Memphis,63,12,DePaul,66,53,54
279,1989,1,SE,28,4,UNLV,68,13,Idaho,56,55,56
280,1989,1,SE,29,6,Oregon St.,90,11,Evansville,94,57,58
281,1989,1,SE,30,3,Seton Hall,60,14,Missouri St.,51,59,60
282,1989,1,SE,31,7,UTEP,85,10,LSU,74,61,62
283,1989,1,SE,32,2,Indiana,99,15,George Mason,85,63,64
315,1990,1,NW,1,1,Michigan St.,75,16,Murray St.,71,1,2
316,1990,1,NW,2,8,Houston,66,9,UC Santa Barbara,70,3,4
317,1990,1,NW,3,5,LSU,70,12,Villanova,63,5,6
318,1990,1,NW,4,4,Georgia Tech,99,13,East Tennessee St.,83,7,8
319,1990,1,NW,5,6,Minnesota,64,11,UTEP,61,9,10
320,1990,1,NW,6,3,Missouri,71,14,Northern Iowa,74,11,12
321,1990,1,NW,7,7,Virginia,75,10,Notre Dame,67,13,14
322,1990,1,NW,8,2,Syracuse,70,15,Coppin St.,48,15,16
323,1990,1,SW,9,1,UNLV,102,16,Little Rock,72,17,18
324,1990,1,SW,10,8,Ohio St.,84,9,Providence,83,19,20
325,1990,1,SW,11,5,Oregon St.,53,12,Ball St.,54,21,22
326,1990,1,SW,12,4,Louisville,78,13,Idaho,59,23,24
327,1990,1,SW,13,6,New Mexico St.,92,11,Loyola Marymount,111,25,26
328,1990,1,SW,14,3,Michigan,76,14,Illinois St.,70,27,28
329,1990,1,SW,15,7,Alabama,71,10,Colorado St.,54,29,30
330,1990,1,SW,16,2,Arizona,79,15,South Florida,67,31,32
331,1990,1,NE,17,1,Connecticut,76,16,Boston University,52,33,34
332,1990,1,NE,18,8,Indiana,63,9,California,65,35,36
333,1990,1,NE,19,5,Clemson,49,12,BYU,47,37,38
334,1990,1,NE,20,4,La Salle,79,13,Southern Miss,63,39,40
335,1990,1,NE,21,6,St. John's,81,11,Temple,65,41,42
336,1990,1,NE,22,3,Duke,81,14,Richmond,46,43,44
337,1990,1,NE,23,7,UCLA,68,10,UAB,56,45,46
338,1990,1,NE,24,2,Kansas,79,15,Robert Morris,71,47,48
339,1990,1,SE,25,1,Oklahoma,77,16,Towson,68,49,50
340,1990,1,SE,26,8,North Carolina,83,9,Missouri St.,70,51,52
341,1990,1,SE,27,5,Illinois,86,12,Dayton,88,53,54
342,1990,1,SE,28,4,Arkansas,68,13,Princeton,64,55,56
343,1990,1,SE,29,6,Xavier,87,11,Kansas St.,79,57,58
344,1990,1,SE,30,3,Georgetown,70,14,Texas Southern,52,59,60
345,1990,1,SE,31,7,Georgia,88,10,Texas,100,61,62
346,1990,1,SE,32,2,Purdue,75,15,Louisiana Monroe,63,63,64
378,1991,1,NW,1,1,UNLV,99,16,Montana,65,1,2
379,1991,1,NW,2,8,Georgetown,70,9,Vanderbilt,60,3,4
380,1991,1,NW,3,5,Michigan St.,60,12,Green Bay,58,5,6
381,1991,1,NW,4,4,Utah,82,13,South Alabama,72,7,8
382,1991,1,NW,5,6,New Mexico St.,56,11,Creighton,64,9,10
383,1991,1,NW,6,3,Seton Hall,71,14,Pepperdine,51,11,12
384,1991,1,NW,7,7,Virginia,48,10,BYU,61,13,14
385,1991,1,NW,8,2,Arizona,93,15,St. Francis PA,80,15,16
386,1991,1,SW,9,1,Ohio St.,97,16,Towson,86,17,18
387,1991,1,SW,10,8,Georgia Tech,87,9,DePaul,70,19,20
388,1991,1,SW,11,5,Texas,73,12,Saint Peter's,65,21,22
389,1991,1,SW,12,4,St. John's,75,13,Northern Illinois,68,23,24
390,1991,1,SW,13,6,LSU,62,11,Connecticut,79,25,26
391,1991,1,SW,14,3,Nebraska,84,14,Xavier,89,27,28
392,1991,1,SW,15,7,Iowa,76,10,East Tennessee St.,73,29,30
393,1991,1,SW,16,2,Duke,102,15,Louisiana Monroe,73,31,32
394,1991,1,NE,17,1,North Carolina,101,16,Northeastern,66,33,34
395,1991,1,NE,18,8,Princeton,48,9,Villanova,50,35,36
396,1991,1,NE,19,5,Mississippi St.,56,12,Eastern Michigan,76,37,38
397,1991,1,NE,20,4,UCLA,69,13,Penn St.,74,39,40
398,1991,1,NE,21,6,North Carolina St.,114,11,Southern Miss,85,41,42
399,1991,1,NE,22,3,Oklahoma St.,67,14,New Mexico,54,43,44
400,1991,1,NE,23,7,Purdue,63,10,Temple,80,45,46
401,1991,1,NE,24,2,Syracuse,69,15,Richmond,73,47,48
402,1991,1,SE,25,1,Arkansas,117,16,Georgia St.,76,49,50
403,1991,1,SE,26,8,Arizona St.,79,9,Rutgers,76,51,52
404,1991,1,SE,27,5,Wake Forest,71,12,Louisiana Tech,65,53,54
405,1991,1,SE,28,4,Alabama,89,13,Murray St.,79,55,56
406,1991,1,SE,29,6,Pittsburgh,76,11,Georgia,68,57,58
407,1991,1,SE,30,3,Kansas,55,14,New Orleans,49,59,60
408,1991,1,SE,31,7,Florida St.,75,10,USC,72,61,62
409,1991,1,SE,32,2,Indiana,79,15,Coastal Carolina,69,63,64
441,1992,1,NW,1,1,Kansas,100,16,Howard,67,1,2
442,1992,1,NW,2,8,Evansville,50,9,UTEP,55,3,4
443,1992,1,NW,3,5,Michigan St.,61,12,Missouri St.,54,5,6
444,1992,1,NW,4,4,Cincinnati,85,13,Delaware,47,7,8
445,1992,1,NW,5,6,Memphis,80,11,Pepperdine,70,9,10
446,1992,1,NW,6,3,Arkansas,80,14,Murray St.,69,11,12
447,1992,1,NW,7,7,Georgia Tech,65,10,Houston,60,13,14
448,1992,1,NW,8,2,USC,84,15,Louisiana Monroe,54,15,16
449,1992,1,SW,9,1,Ohio St.,83,16,Mississippi Valley St.,56,17,18
450,1992,1,SW,10,8,Nebraska,65,9,Connecticut,86,19,20
451,1992,1,SW,11,5,Alabama,80,12,Stanford,75,21,22
452,1992,1,SW,12,4,North Carolina,68,13,Miami OH,63,23,24
453,1992,1,SW,13,6,Michigan,73,11,Temple,66,25,26
454,1992,1,SW,14,3,Arizona,80,14,East Tennessee St.,87,27,28
455,1992,1,SW,15,7,St. John's,57,10,Tulane,61,29,30
456,1992,1,SW,16,2,Oklahoma St.,100,15,Georgia Southern,73,31,32
457,1992,1,NE,17,1,Duke,82,16,Campbell,56,33,34
458,1992,1,NE,18,8,Texas,92,9,Iowa,98,35,36
459,1992,1,NE,19,5,Missouri,89,12,West Virginia,78,37,38
460,1992,1,NE,20,4,Seton Hall,78,13,La Salle,76,39,40
461,1992,1,NE,21,6,Syracuse,51,11,Princeton,43,41,42
462,1992,1,NE,22,3,Massachusetts,85,14,Fordham,58,43,44
463,1992,1,NE,23,7,Charlotte,74,10,Iowa St.,76,45,46
464,1992,1,NE,24,2,Kentucky,88,15,Old Dominion,69,47,48
465,1992,1,SE,25,1,UCLA,73,16,Robert Morris,53,49,50
466,1992,1,SE,26,8,Louisville,81,9,Wake Forest,58,51,52
467,1992,1,SE,27,5,DePaul,73,12,New Mexico St.,81,53,54
468,1992,1,SE,28,4,Oklahoma,83,13,Lafayette,87,55,56
469,1992,1,SE,29,6,Georgetown,75,11,South Florida,60,57,58
470,1992,1,SE,30,3,Florida St.,78,14,Montana,68,59,60
471,1992,1,SE,31,7,LSU,94,10,BYU,83,61,62
472,1992,1,SE,32,2,Indiana,94,15,Eastern Illinois,55,63,64
504,1993,1,NW,1,1,Kentucky,96,16,Rider,52,1,2
505,1993,1,NW,2,8,Utah,86,9,Pittsburgh,85,3,4
506,1993,1,NW,3,5,Wake Forest,81,12,Chattanooga,58,5,6
507,1993,1,NW,4,4,Iowa,82,13,Louisiana Monroe,69,7,8
508,1993,1,NW,5,6,Kansas St.,53,11,Tulane,55,9,10
509,1993,1,NW,6,3,Florida St.,82,14,Evansville,70,11,12
510,1993,1,NW,7,7,Western Kentucky,55,10,Memphis,52,13,14
511,1993,1,NW,8,2,Seton Hall,81,15,Tennessee St.,59,15,16
512,1993,1,SW,9,1,Michigan,84,16,Coastal Carolina,53,17,18
513,1993,1,SW,10,8,Iowa St.,70,9,UCLA,81,19,20
514,1993,1,SW,11,5,New Mexico,68,12,George Washington,82,21,22
515,1993,1,SW,12,4,Georgia Tech,78,13,Southern,93,23,24
516,1993,1,SW,13,6,Illinois,75,11,Long Beach St.,72,25,26
517,1993,1,SW,14,3,Vanderbilt,92,14,Boise St.,72,27,28
518,1993,1,SW,15,7,Temple,75,10,Missouri,61,29,30
519,1993,1,SW,16,2,Arizona,61,15,Santa Clara,64,31,32
520,1993,1,NE,17,1,North Carolina,85,16,East Carolina,65,33,34
521,1993,1,NE,18,8,Rhode Island,74,9,Purdue,68,35,36
522,1993,1,NE,19,5,St. John's,85,12,Texas Tech,67,37,38
523,1993,1,NE,20,4,Arkansas,94,13,Holy Cross,64,39,40
524,1993,1,NE,21,6,Virginia,78,11,Manhattan,66,41,42
525,1993,1,NE,22,3,Massachusetts,54,14,Penn,50,43,44
526,1993,1,NE,23,7,New Mexico St.,93,10,Nebraska,79,45,46
527,1993,1,NE,24,2,Cincinnati,93,15,Coppin St.,66,47,48
528,1993,1,SE,25,1,Indiana,97,16,Wright St.,54,49,50
529,1993,1,SE,26,8,New Orleans,55,9,Xavier,73,51,52
530,1993,1,SE,27,5,Oklahoma St.,74,12,Marquette,62,53,54
531,1993,1,SE,28,4,Louisville,76,13,Delaware,70,55,56
532,1993,1,SE,29,6,California,66,11,LSU,64,57,58
533,1993,1,SE,30,3,Duke,105,14,Southern Illinois,70,59,60
534,1993,1,SE,31,7,BYU,80,10,SMU,71,61,62
535,1993,1,SE,32,2,Kansas,94,15,Ball St.,72,63,64
567,1994,1,NW,1,1,Missouri,76,16,Navy,53,1,2
568,1994,1,NW,2,8,Cincinnati,72,9,Wisconsin,80,3,4
569,1994,1,NW,3,5,California,57,12,Green Bay,61,5,6
570,1994,1,NW,4,4,Syracuse,92,13,Hawaii,78,7,8
571,1994,1,NW,5,6,Minnesota,74,11,Southern Illinois,60,9,10
572,1994,1,NW,6,3,Louisville,67,14,Boise St.,58,11,12
573,1994,1,NW,7,7,Virginia,57,10,New Mexico,54,13,14
574,1994,1,NW,8,2,Arizona,81,15,Loyola MD,55,15,16
575,1994,1,SW,9,1,Arkansas,94,16,North Carolina A&T,79,17,18
576,1994,1,SW,10,8,Illinois,77,9,Georgetown,84,19,20
577,1994,1,SW,11,5,UCLA,102,12,Tulsa,112,21,22
578,1994,1,SW,12,4,Oklahoma St.,65,13,New Mexico St.,55,23,24
579,1994,1,SW,13,6,Texas,91,11,Western Kentucky,77,25,26
580,1994,1,SW,14,3,Michigan,78,14,Pepperdine,74,27,28
581,1994,1,SW,15,7,Saint Louis,66,10,Maryland,74,29,30
582,1994,1,SW,16,2,Massachusetts,78,15,Texas St.,60,31,32
583,1994,1,NE,17,1,North Carolina,71,16,Liberty,51,33,34
584,1994,1,NE,18,8,Washington St.,64,9,Boston College,67,35,36
585,1994,1,NE,19,5,Indiana,84,12,Ohio,72,37,38
586,1994,1,NE,20,4,Temple,61,13,Drexel,39,39,40
587,1994,1,NE,21,6,Nebraska,80,11,Penn,90,41,42
588,1994,1,NE,22,3,Florida,64,14,James Madison,62,43,44
589,1994,1,NE,23,7,UAB,46,10,George Washington,51,45,46
590,1994,1,NE,24,2,Connecticut,64,15,Rider,46,47,48
591,1994,1,SE,25,1,Purdue,98,16,UCF,67,49,50
592,1994,1,SE,26,8,Providence,70,9,Alabama,76,51,52
593,1994,1,SE,27,5,Wake Forest,68,12,Charleston Southern,58,53,54
594,1994,1,SE,28,4,Kansas,102,13,Chattanooga,73,55,56
595,1994,1,SE,29,6,Marquette,81,11,Lafayette,59,57,58
596,1994,1,SE,30,3,Kentucky,83,14,Tennessee St.,70,59,60
597,1994,1,SE,31,7,Michigan St.,84,10,Seton Hall,73,61,62
598,1994,1,SE,32,2,Duke,82,15,Texas Southern,70,63,64
630,1995,1,NW,1,1,Kansas,82,16,Colgate,68,1,2
631,1995,1,NW,2,8,Western Kentucky,82,9,Michigan,76,3,4
632,1995,1,NW,3,5,Arizona,62,12,Miami OH,71,5,6
633,1995,1,NW,4,4,Virginia,96,13,Nicholls St.,72,7,8
634,1995,1,NW,5,6,Memphis,77,11,Louisville,56,9,10
635,1995,1,NW,6,3,Purdue,49,14,Green Bay,48,11,12
636,1995,1,NW,7,7,Syracuse,96,10,Southern Illinois,92,13,14
637,1995,1,NW,8,2,Arkansas,79,15,Texas Southern,78,15,16
638,1995,1,SW,9,1,Kentucky,113,16,Mount St. Mary's,67,17,18
639,1995,1,SW,10,8,BYU,70,9,Tulane,76,19,20
640,1995,1,SW,11,5,Arizona St.,81,12,Ball St.,66,21,22
641,1995,1,SW,12,4,Oklahoma,67,13,Manhattan,77,23,24
642,1995,1,SW,13,6,Georgetown,68,11,Xavier,63,25,26
643,1995,1,SW,14,3,Michigan St.,72,14,Weber St.,79,27,28
644,1995,1,SW,15,7,Iowa St.,64,10,Florida,61,29,30
645,1995,1,SW,16,2,North Carolina,80,15,Murray St.,70,31,32
646,1995,1,NE,17,1,Wake Forest,79,16,North Carolina A&T,47,33,34
647,1995,1,NE,18,8,Minnesota,61,9,Saint Louis,64,35,36
648,1995,1,NE,19,5,Alabama,91,12,Penn,85,37,38
649,1995,1,NE,20,4,Oklahoma St.,73,13,Drexel,49,39,40
650,1995,1,NE,21,6,Tulsa,68,11,Illinois,62,41,42
651,1995,1,NE,22,3,Villanova,81,14,Old Dominion,89,43,44
652,1995,1,NE,23,7,Charlotte,68,10,Stanford,70,45,46
653,1995,1,NE,24,2,Massachusetts,68,15,Saint Peter's,51,47,48
654,1995,1,SE,25,1,UCLA,92,16,FIU,56,49,50
655,1995,1,SE,26,8,Missouri,65,9,Indiana,60,51,52
656,1995,1,SE,27,5,Mississippi St.,75,12,Santa Clara,67,53,54
657,1995,1,SE,28,4,Utah,76,13,Long Beach St.,64,55,56
658,1995,1,SE,29,6,Oregon,73,11,Texas,90,57,58
659,1995,1,SE,30,3,Maryland,87,14,Gonzaga,63,59,60
660,1995,1,SE,31,7,Cincinnati,77,10,Temple,71,61,62
661,1995,1,SE,32,2,Connecticut,100,15,Chattanooga,71,63,64
693,1996,1,NW,1,1,Connecticut,68,16,Colgate,59,1,2
694,1996,1,NW,2,8,Duke,60,9,Eastern Michigan,75,3,4
695,1996,1,NW,3,5,Mississippi St.,58,12,VCU,51,5,6
696,1996,1,NW,4,4,UCLA,41,13,Princeton,43,7,8
697,1996,1,NW,5,6,Indiana,51,11,Boston College,64,9,10
698,1996,1,NW,6,3,Georgia Tech,90,14,Austin Peay,79,11,12
699,1996,1,NW,7,7,Temple,61,10,Oklahoma,43,13,14
700,1996,1,NW,8,2,Cincinnati,66,15,UNC Greensboro,61,15,16
701,1996,1,SW,9,1,Purdue,73,16,Western Carolina,71,17,18
702,1996,1,SW,10,8,Georgia,81,9,Clemson,74,19,20
703,1996,1,SW,11,5,Memphis,63,12,Drexel,75,21,22
704,1996,1,SW,12,4,Syracuse,88,13,Montana St.,55,23,24
705,1996,1,SW,13,6,Iowa,81,11,George Washington,79,25,26
706,1996,1,SW,14,3,Arizona,90,14,Valparaiso,51,27,28
707,1996,1,SW,15,7,Maryland,79,10,Santa Clara,91,29,30
708,1996,1,SW,16,2,Kansas,92,15,South Carolina St.,54,31,32
709,1996,1,NE,17,1,Massachusetts,92,16,UCF,70,33,34
710,1996,1,NE,18,8,Bradley,58,9,Stanford,66,35,36
711,1996,1,NE,19,5,Penn St.,80,12,Arkansas,86,37,38
712,1996,1,NE,20,4,Marquette,68,13,Monmouth,44,39,40
713,1996,1,NE,21,6,North Carolina,83,11,New Orleans,62,41,42
714,1996,1,NE,22,3,Texas Tech,74,14,Northern Illinois,73,43,44
715,1996,1,NE,23,7,New Mexico,69,10,Kansas St.,48,45,46
716,1996,1,NE,24,2,Georgetown,93,15,Mississippi Valley St.,56,47,48
717,1996,1,SE,25,1,Kentucky,110,16,San Jose St.,72,49,50
718,1996,1,SE,26,8,Green Bay,48,9,Virginia Tech,61,51,52
719,1996,1,SE,27,5,Iowa St.,74,12,California,64,53,54
720,1996,1,SE,28,4,Utah,72,13,Canisius,43,55,56
721,1996,1,SE,29,6,Louisville,82,11,Tulsa,80,57,58
722,1996,1,SE,30,3,Villanova,92,14,Portland,58,59,60
723,1996,1,SE,31,7,Michigan,76,10,Texas,80,61,62
724,1996,1,SE,32,2,Wake Forest,62,15,Louisiana Monroe,50,63,64
756,1997,1,NW,1,1,Kentucky,92,16,Montana,54,1,2
757,1997,1,NW,2,8,Iowa,73,9,Virginia,60,3,4
758,1997,1,NW,3,5,Boston College,73,12,Valparaiso,66,5,6
759,1997,1,NW,4,4,Saint Joseph's,75,13,Pacific,65,7,8
760,1997,1,NW,5,6,Stanford,80,11,Oklahoma,67,9,10
761,1997,1,NW,6,3,Wake Forest,68,14,Saint Mary's,46,11,12
762,1997,1,NW,7,7,Charlotte,79,10,Georgetown,67,13,14
763,1997,1,NW,8,2,Utah,75,15,Navy,61,15,16
764,1997,1,SW,9,1,Minnesota,78,16,Texas St.,46,17,18
765,1997,1,SW,10,8,Mississippi,40,9,Temple,62,19,20
766,1997,1,SW,11,5,Tulsa,81,12,Boston University,52,21,22
767,1997,1,SW,12,4,Clemson,68,13,Miami OH,56,23,24
768,1997,1,SW,13,6,Iowa St.,69,11,Illinois St.,57,25,26
769,1997,1,SW,14,3,Cincinnati,86,14,Butler,69,27,28
770,1997,1,SW,15,7,Xavier,80,10,Vanderbilt,68,29,30
771,1997,1,SW,16,2,UCLA,109,15,Charleston Southern,75,31,32
772,1997,1,NE,17,1,North Carolina,82,16,Fairfield,74,33,34
773,1997,1,NE,18,8,Indiana,62,9,Colorado,80,35,36
774,1997,1,NE,19,5,California,55,12,Princeton,52,37,38
775,1997,1,NE,20,4,Villanova,101,13,LIU,91,39,40
776,1997,1,NE,21,6,Louisville,65,11,Massachusetts,57,41,42
777,1997,1,NE,22,3,New Mexico,59,14,Old Dominion,55,43,44
778,1997,1,NE,23,7,Wisconsin,58,10,Texas,71,45,46
779,1997,1,NE,24,2,South Carolina,65,15,Coppin St.,78,47,48
780,1997,1,SE,25,1,Kansas,78,16,Jackson St.,64,49,50
781,1997,1,SE,26,8,Purdue,83,9,Rhode Island,76,51,52
782,1997,1,SE,27,5,Maryland,66,12,Charleston,75,53,54
783,1997,1,SE,28,4,Arizona,65,13,South Alabama,57,55,56
784,1997,1,SE,29,6,Illinois,90,11,USC,77,57,58
785,1997,1,SE,30,3,Georgia,70,14,Chattanooga,73,59,60
786,1997,1,SE,31,7,Marquette,59,10,Providence,81,61,62
787,1997,1,SE,32,2,Duke,81,15,Murray St.,78,63,64
819,1998,1,NW,1,1,North Carolina,88,16,Navy,52,1,2
820,1998,1,NW,2,8,Charlotte,77,9,Illinois Chicago,62,3,4
821,1998,1,NW,3,5,Princeton,69,12,UNLV,57,5,6
822,1998,1,NW,4,4,Michigan St.,83,13,Eastern Michigan,71,7,8
823,1998,1,NW,5,6,Xavier,68,11,Washington,69,9,10
824,1998,1,NW,6,3,South Carolina,61,14,Richmond,62,11,12
825,1998,1,NW,7,7,Indiana,94,10,Oklahoma,87,13,14
826,1998,1,NW,8,2,Connecticut,93,15,Fairleigh Dickinson,85,15,16
827,1998,1,SW,9,1,Arizona,99,16,Nicholls St.,60,17,18
828,1998,1,SW,10,8,Tennessee,81,9,Illinois St.,82,19,20
829,1998,1,SW,11,5,Illinois,64,12,South Alabama,51,21,22
830,1998,1,SW,12,4,Maryland,82,13,Utah St.,68,23,24
831,1998,1,SW,13,6,Arkansas,74,11,Nebraska,65,25,26
832,1998,1,SW,14,3,Utah,85,14,San Francisco,68,27,28
833,1998,1,SW,15,7,Temple,52,10,West Virginia,82,29,30
834,1998,1,SW,16,2,Cincinnati,65,15,Northern Arizona,62,31,32
835,1998,1,NE,17,1,Kansas,110,16,Prairie View A&M,52,33,34
836,1998,1,NE,18,8,Rhode Island,97,9,Murray St.,74,35,36
837,1998,1,NE,19,5,TCU,87,12,Florida St.,96,37,38
838,1998,1,NE,20,4,Mississippi,69,13,Valparaiso,70,39,40
839,1998,1,NE,21,6,Clemson,72,11,Western Michigan,75,41,42
840,1998,1,NE,22,3,Stanford,67,14,Charleston Southern,57,43,44
841,1998,1,NE,23,7,St. John's,64,10,Detroit Mercy,66,45,46
842,1998,1,NE,24,2,Purdue,95,15,Delaware,56,47,48
843,1998,1,SE,25,1,Duke,99,16,Radford,63,49,50
844,1998,1,SE,26,8,Oklahoma St.,74,9,George Washington,59,51,52
845,1998,1,SE,27,5,Syracuse,63,12,Iona,61,53,54
846,1998,1,SE,28,4,New Mexico,79,13,Butler,62,55,56
847,1998,1,SE,29,6,UCLA,65,11,Miami FL,62,57,58
848,1998,1,SE,30,3,Michigan,80,14,Davidson,61,59,60
849,1998,1,SE,31,7,Massachusetts,46,10,Saint Louis,51,61,62
850,1998,1,SE,32,2,Kentucky,82,15,South Carolina St.,67,63,64
882,1999,1,NW,1,1,Duke,99,16,Florida A&M,58,1,2
883,1999,1,NW,2,8,Charleston Southern,53,9,Tulsa,62,3,4
884,1999,1,NW,3,5,Wisconsin,32,12,Missouri St.,43,5,6
885,1999,1,NW,4,4,Tennessee,62,13,Delaware,52,7,8
886,1999,1,NW,5,6,Temple,61,11,Kent St.,54,9,10
887,1999,1,NW,6,3,Cincinnati,72,14,George Mason,48,11,12
888,1999,1,NW,7,7,Texas,54,10,Purdue,58,13,14
889,1999,1,NW,8,2,Miami FL,75,15,Lafayette,54,15,16
890,1999,1,SW,9,1,Michigan St.,76,16,Mount St. Mary's,53,17,18
891,1999,1,SW,10,8,Villanova,70,9,Mississippi,72,19,20
892,1999,1,SW,11,5,Charlotte,81,12,Rhode Island,70,21,22
893,1999,1,SW,12,4,Arizona,60,13,Oklahoma,61,23,24
894,1999,1,SW,13,6,Kansas,95,11,Evansville,74,25,26
895,1999,1,SW,14,3,Kentucky,82,14,New Mexico St.,60,27,28
896,1999,1,SW,15,7,Washington,58,10,Miami OH,59,29,30
897,1999,1,SW,16,2,Utah,80,15,Arkansas St.,58,31,32
898,1999,1,NE,17,1,Auburn,80,16,Winthrop,41,33,34
899,1999,1,NE,18,8,Syracuse,61,9,Oklahoma St.,69,35,36
900,1999,1,NE,19,5,UCLA,53,12,Detroit Mercy,56,37,38
901,1999,1,NE,20,4,Ohio St.,72,13,Murray St.,58,39,40
902,1999,1,NE,21,6,Indiana,108,11,George Washington,88,41,42
903,1999,1,NE,22,3,St. John's,69,14,Samford,43,43,44
904,1999,1,NE,23,7,Louisville,58,10,Creighton,62,45,46
905,1999,1,NE,24,2,Maryland,82,15,Valparaiso,60,47,48
906,1999,1,SE,25,1,Connecticut,91,16,UTSA,66,49,50
907,1999,1,SE,26,8,Missouri,59,9,New Mexico,61,51,52
908,1999,1,SE,27,5,Iowa,77,12,UAB,64,53,54
909,1999,1,SE,28,4,Arkansas,94,13,Siena,80,55,56
910,1999,1,SE,29,6,Florida,75,11,Penn,61,57,58
911,1999,1,SE,30,3,North Carolina,74,14,Weber St.,76,59,60
912,1999,1,SE,31,7,Minnesota,63,10,Gonzaga,75,61,62
913,1999,1,SE,32,2,Stanford,69,15,Alcorn St.,57,63,64
945,2000,1,NW,1,1,Arizona,71,16,Jackson St.,47,1,2
946,2000,1,NW,2,8,Wisconsin,66,9,Fresno St.,56,3,4
947,2000,1,NW,3,5,Texas,77,12,Indiana St.,61,5,6
948,2000,1,NW,4,4,LSU,64,13,Southeast Missouri St.,61,7,8
949,2000,1,NW,5,6,Purdue,62,11,Dayton,61,9,10
950,2000,1,NW,6,3,Oklahoma,74,14,Winthrop,60,11,12
951,2000,1,NW,7,7,Louisville,66,10,Gonzaga,77,13,14
952,2000,1,NW,8,2,St. John's,61,15,Northern Arizona,56,15,16
953,2000,1,SW,9,1,Michigan St.,65,16,Valparaiso,38,17,18
954,2000,1,SW,10,8,Utah,48,9,Saint Louis,45,19,20
955,2000,1,SW,11,5,Kentucky,85,12,St. Bonaventure,80,21,22
956,2000,1,SW,12,4,Syracuse,79,13,Samford,65,23,24
957,2000,1,SW,13,6,UCLA,65,11,Ball St.,57,25,26
958,2000,1,SW,14,3,Maryland,74,14,Iona,59,27,28
959,2000,1,SW,15,7,Auburn,72,10,Creighton,69,29,30
960,2000,1,SW,16,2,Iowa St.,88,15,Central Connecticut,78,31,32
961,2000,1,NE,17,1,Duke,82,16,Lamar,55,33,34
962,2000,1,NE,18,8,Kansas,81,9,DePaul,77,35,36
963,2000,1,NE,19,5,Florida,69,12,Butler,68,37,38
964,2000,1,NE,20,4,Illinois,68,13,Penn,58,39,40
965,2000,1,NE,21,6,Indiana,57,11,Pepperdine,77,41,42
966,2000,1,NE,22,3,Oklahoma St.,86,14,Hofstra,66,43,44
967,2000,1,NE,23,7,Oregon,71,10,Seton Hall,72,45,46
968,2000,1,NE,24,2,Temple,73,15,Lafayette,47,47,48
969,2000,1,SE,25,1,Stanford,84,16,South Carolina St.,65,49,50
970,2000,1,SE,26,8,North Carolina,84,9,Missouri,70,51,52
971,2000,1,SE,27,5,Connecticut,75,12,Utah St.,67,53,54
972,2000,1,SE,28,4,Tennessee,63,13,Louisiana,58,55,56
973,2000,1,SE,29,6,Miami FL,75,11,Arkansas,71,57,58
974,2000,1,SE,30,3,Ohio St.,87,14,Appalachian St.,61,59,60
975,2000,1,SE,31,7,Tulsa,89,10,UNLV,62,61,62
976,2000,1,SE,32,2,Cincinnati,64,15,UNC Wilmington,47,63,64
1009,2001,1,NW,1,1,Illinois,96,16,Northwestern St.,54,1,2
1010,2001,1,NW,2,8,Tennessee,63,9,Charlotte,70,3,4
1011,2001,1,NW,3,5,Syracuse,79,12,Hawaii,69,5,6
1012,2001,1,NW,4,4,Kansas,99,13,Cal St. Northridge,75,7,8
1013,2001,1,NW,5,6,Notre Dame,83,11,Xavier,71,9,10
1014,2001,1,NW,6,3,Mississippi,72,14,Iona,70,11,12
1015,2001,1,NW,7,7,Wake Forest,63,10,Butler,79,13,14
1016,2001,1,NW,8,2,Arizona,101,15,Eastern Illinois,76,15,16
1017,2001,1,SW,9,1,Michigan St.,69,16,Alabama St.,35,17,18
1018,2001,1,SW,10,8,California,70,9,Fresno St.,82,19,20
1019,2001,1,SW,11,5,Virginia,85,12,Gonzaga,86,21,22
1020,2001,1,SW,12,4,Oklahoma,68,13,Indiana St.,70,23,24
1021,2001,1,SW,13,6,Texas,65,11,Temple,79,25,26
1022,2001,1,SW,14,3,Florida,69,14,Western Kentucky,56,27,28
1023,2001,1,SW,15,7,Penn St.,69,10,Providence,59,29,30
1024,2001,1,SW,16,2,North Carolina,70,15,Princeton,48,31,32
1025,2001,1,NE,17,1,Duke,95,16,Monmouth,52,33,34
1026,2001,1,NE,18,8,Georgia,68,9,Missouri,70,35,36
1027,2001,1,NE,19,5,Ohio St.,68,12,Utah St.,77,37,38
1028,2001,1,NE,20,4,UCLA,61,13,Hofstra,48,39,40
1029,2001,1,NE,21,6,USC,69,11,Oklahoma St.,54,41,42
1030,2001,1,NE,22,3,Boston College,68,14,Southern Utah,65,43,44
1031,2001,1,NE,23,7,Iowa,69,10,Creighton,56,45,46
1032,2001,1,NE,24,2,Kentucky,72,15,Holy Cross,68,47,48
1033,2001,1,SE,25,1,Stanford,89,16,UNC Greensboro,60,49,50
1034,2001,1,SE,26,8,Georgia Tech,62,9,Saint Joseph's,66,51,52
1035,2001,1,SE,27,5,Cincinnati,84,12,BYU,59,53,54
1036,2001,1,SE,28,4,Indiana,73,13,Kent St.,77,55,56
1037,2001,1,SE,29,6,Wisconsin,49,11,Georgia St.,50,57,58
1038,2001,1,SE,30,3,Maryland,83,14,George Mason,80,59,60
1039,2001,1,SE,31,7,Arkansas,61,10,Georgetown,63,61,62
1040,2001,1,SE,32,2,Iowa St.,57,15,Hampton,58,63,64
1073,2002,1,NW,1,1,Duke,84,16,Winthrop,37,1,2
1074,2002,1,NW,2,8,Notre Dame,82,9,Charlotte,63,3,4
1075,2002,1,NW,3,5,Indiana,75,12,Utah,56,5,6
1076,2002,1,NW,4,4,USC,89,13,UNC Wilmington,93,7,8
1077,2002,1,NW,5,6,California,82,11,Penn,75,9,10
1078,2002,1,NW,6,3,Pittsburgh,71,14,Central Connecticut,54,11,12
1079,2002,1,NW,7,7,Oklahoma St.,61,10,Kent St.,69,13,14
1080,2002,1,NW,8,2,Alabama,86,15,Florida Atlantic,78,15,16
1081,2002,1,SW,9,1,Cincinnati,90,16,Boston University,52,17,18
1082,2002,1,SW,10,8,UCLA,80,9,Mississippi,58,19,20
1083,2002,1,SW,11,5,Miami FL,80,12,Missouri,93,21,22
1084,2002,1,SW,12,4,Ohio St.,69,13,Davidson,64,23,24
1085,2002,1,SW,13,6,Gonzaga,66,11,Wyoming,73,25,26
1086,2002,1,SW,14,3,Arizona,86,14,UC Santa Barbara,81,27,28
1087,2002,1,SW,15,7,Xavier,70,10,Hawaii,58,29,30
1088,2002,1,SW,16,2,Oklahoma,71,15,Illinois Chicago,63,31,32
1089,2002,1,NE,17,1,Maryland,85,16,Siena,70,33,34
1090,2002,1,NE,18,8,Wisconsin,80,9,St. John's,70,35,36
1091,2002,1,NE,19,5,Marquette,69,12,Tulsa,71,37,38
1092,2002,1,NE,20,4,Kentucky,83,13,Valparaiso,68,39,40
1093,2002,1,NE,21,6,Texas Tech,68,11,Southern Illinois,76,41,42
1094,2002,1,NE,22,3,Georgia,85,14,Murray St.,68,43,44
1095,2002,1,NE,23,7,North Carolina St.,69,10,Michigan St.,58,45,46
1096,2002,1,NE,24,2,Connecticut,78,15,Hampton,67,47,48
1097,2002,1,SE,25,1,Kansas,70,16,Holy Cross,59,49,50
1098,2002,1,SE,26,8,Stanford,84,9,Western Kentucky,68,51,52
1099,2002,1,SE,27,5,Florida,82,12,Creighton,83,53,54
1100,2002,1,SE,28,4,Illinois,93,13,San Diego St.,64,55,56
1101,2002,1,SE,29,6,Texas,70,11,Boston College,57,57,58
1102,2002,1,SE,30,3,Mississippi St.,70,14,McNeese St.,58,59,60
1103,2002,1,SE,31,7,Wake Forest,83,10,Pepperdine,74,61,62
1104,2002,1,SE,32,2,Oregon,81,15,Montana,62,63,64
1137,2003,1,NW,1,1,Kentucky,95,16,IUPUI,64,1,2
1138,2003,1,NW,2,8,Oregon,58,9,Utah,60,3,4
1139,2003,1,NW,3,5,Wisconsin,81,12,Weber St.,74,5,6
1140,2003,1,NW,4,4,Dayton,71,13,Tulsa,84,7,8
1141,2003,1,NW,5,6,Missouri,72,11,Southern Illinois,71,9,10
1142,2003,1,NW,6,3,Marquette,72,14,Holy Cross,68,11,12
1143,2003,1,NW,7,7,Indiana,67,10,Alabama,62,13,14
1144,2003,1,NW,8,2,Pittsburgh,87,15,Wagner,61,15,16
1145,2003,1,SW,9,1,Arizona,80,16,Vermont,51,17,18
1146,2003,1,SW,10,8,Cincinnati,69,9,Gonzaga,74,19,20
1147,2003,1,SW,11,5,Notre Dame,70,12,Milwaukee,69,21,22
1148,2003,1,SW,12,4,Illinois,65,13,Western Kentucky,60,23,24
1149,2003,1,SW,13,6,Creighton,73,11,Central Michigan,79,25,26
1150,2003,1,SW,14,3,Duke,67,14,Colorado St.,57,27,28
1151,2003,1,SW,15,7,Memphis,71,10,Arizona St.,84,29,30
1152,2003,1,SW,16,2,Kansas,64,15,Utah St.,61,31,32
1153,2003,1,NE,17,1,Texas,82,16,UNC Asheville,61,33,34
1154,2003,1,NE,18,8,LSU,56,9,Purdue,80,35,36
1155,2003,1,NE,19,5,Connecticut,58,12,BYU,53,37,38
1156,2003,1,NE,20,4,Stanford,77,13,San Diego,69,39,40
1157,2003,1,NE,21,6,Maryland,75,11,UNC Wilmington,73,41,42
1158,2003,1,NE,22,3,Xavier,71,14,Troy,59,43,44
1159,2003,1,NE,23,7,Michigan St.,79,10,Colorado,64,45,46
1160,2003,1,NE,24,2,Florida,85,15,Sam Houston St.,55,47,48
1161,2003,1,SE,25,1,Oklahoma,71,16,South Carolina St.,54,49,50
1162,2003,1,SE,26,8,California,76,9,North Carolina St.,74,51,52
1163,2003,1,SE,27,5,Mississippi St.,46,12,Butler,47,53,54
1164,2003,1,SE,28,4,Louisville,86,13,Austin Peay,64,55,56
1165,2003,1,SE,29,6,Oklahoma St.,77,11,Penn,63,57,58
1166,2003,1,SE,30,3,Syracuse,76,14,Manhattan,65,59,60
1167,2003,1,SE,31,7,Saint Joseph's,63,10,Auburn,65,61,62
1168,2003,1,SE,32,2,Wake Forest,76,15,East Tennessee St.,73,63,64
1201,2004,1,NW,1,1,Kentucky,96,16,Florida A&M,76,1,2
1202,2004,1,NW,2,8,Washington,100,9,UAB,102,3,4
1203,2004,1,NW,3,5,Providence,58,12,Pacific,66,5,6
1204,2004,1,NW,4,4,Kansas,78,13,Illinois Chicago,53,7,8
1205,2004,1,NW,5,6,Boston College,58,11,Utah,51,9,10
1206,2004,1,NW,6,3,Georgia Tech,65,14,Northern Iowa,60,11,12
1207,2004,1,NW,7,7,Michigan St.,66,10,Nevada,72,13,14
1208,2004,1,NW,8,2,Gonzaga,76,15,Valparaiso,49,15,16
1209,2004,1,SW,9,1,Saint Joseph's,82,16,Liberty,63,17,18
1210,2004,1,SW,10,8,Texas Tech,76,9,Charlotte,73,19,20
1211,2004,1,SW,11,5,Florida,60,12,Manhattan,75,21,22
1212,2004,1,SW,12,4,Wake Forest,79,13,VCU,78,23,24
1213,2004,1,SW,13,6,Wisconsin,76,11,Richmond,64,25,26
1214,2004,1,SW,14,3,Pittsburgh,53,14,UCF,44,27,28
1215,2004,1,SW,15,7,Memphis,59,10,South Carolina,43,29,30
1216,2004,1,SW,16,2,Oklahoma St.,75,15,Eastern Washington,56,31,32
1217,2004,1,NE,17,1,Duke,96,16,Alabama St.,61,33,34
1218,2004,1,NE,18,8,Seton Hall,80,9,Arizona,76,35,36
1219,2004,1,NE,19,5,Illinois,72,12,Murray St.,53,37,38
1220,2004,1,NE,20,4,Cincinnati,80,13,East Tennessee St.,77,39,40
1221,2004,1,NE,21,6,North Carolina,63,11,Air Force,52,41,42
1222,2004,1,NE,22,3,Texas,66,14,Princeton,49,43,44
1223,2004,1,NE,23,7,Xavier,80,10,Louisville,70,45,46
1224,2004,1,NE,24,2,Mississippi St.,85,15,Monmouth,52,47,48
1225,2004,1,SE,25,1,Stanford,71,16,UTSA,45,49,50
1226,2004,1,SE,26,8,Alabama,65,9,Southern Illinois,64,51,52
1227,2004,1,SE,27,5,Syracuse,80,12,BYU,75,53,54
1228,2004,1,SE,28,4,Maryland,86,13,UTEP,83,55,56
1229,2004,1,SE,29,6,Vanderbilt,71,11,Western Michigan,58,57,58
1230,2004,1,SE,30,3,North Carolina St.,61,14,Lafayette,52,59,60
1231,2004,1,SE,31,7,DePaul,76,10,Dayton,69,61,62
1232,2004,1,SE,32,2,Connecticut,70,15,Vermont,53,63,64
1265,2005,1,NW,1,1,Illinois,67,16,Fairleigh Dickinson,55,1,2
1266,2005,1,NW,2,8,Texas,57,9,Nevada,61,3,4
1267,2005,1,NW,3,5,Alabama,73,12,Milwaukee,83,5,6
1268,2005,1,NW,4,4,Boston College,85,13,Penn,65,7,8
1269,2005,1,NW,5,6,LSU,68,11,UAB,82,9,10
1270,2005,1,NW,6,3,Arizona,66,14,Utah St.,53,11,12
1271,2005,1,NW,7,7,Southern Illinois,65,10,Saint Mary's,56,13,14
1272,2005,1,NW,8,2,Oklahoma St.,63,15,Southeastern Louisiana,50,15,16
1273,2005,1,SW,9,1,Washington,88,16,Montana,77,17,18
1274,2005,1,SW,10,8,Pacific,79,9,Pittsburgh,71,19,20
1275,2005,1,SW,11,5,Georgia Tech,80,12,George Washington,68,21,22
1276,2005,1,SW,12,4,Louisville,68,13,Lafayette,62,23,24
1277,2005,1,SW,13,6,Texas Tech,78,11,UCLA,66,25,26
1278,2005,1,SW,14,3,Gonzaga,74,14,Winthrop,64,27,28
1279,2005,1,SW,15,7,West Virginia,63,10,Creighton,61,29,30
1280,2005,1,SW,16,2,Wake Forest,70,15,Chattanooga,54,31,32
1281,2005,1,NE,17,1,North Carolina,96,16,Oakland,68,33,34
1282,2005,1,NE,18,8,Minnesota,53,9,Iowa St.,64,35,36
1283,2005,1,NE,19,5,Villanova,55,12,New Mexico,47,37,38
1284,2005,1,NE,20,4,Florida,67,13,Ohio,62,39,40
1285,2005,1,NE,21,6,Wisconsin,57,11,Northern Iowa,52,41,42
1286,2005,1,NE,22,3,Kansas,63,14,Bucknell,64,43,44
1287,2005,1,NE,23,7,Charlotte,63,10,North Carolina St.,75,45,46
1288,2005,1,NE,24,2,Connecticut,77,15,UCF,71,47,48
1289,2005,1,SE,25,1,Duke,57,16,Delaware St.,46,49,50
1290,2005,1,SE,26,8,Stanford,70,9,Mississippi St.,93,51,52
1291,2005,1,SE,27,5,Michigan St.,89,12,Old Dominion,81,53,54
1292,2005,1,SE,28,4,Syracuse,57,13,Vermont,60,55,56
1293,2005,1,SE,29,6,Utah,60,11,UTEP,54,57,58
1294,2005,1,SE,30,3,Oklahoma,84,14,Niagara,67,59,60
1295,2005,1,SE,31,7,Cincinnati,76,10,Iowa,64,61,62
1296,2005,1,SE,32,2,Kentucky,72,15,Eastern Kentucky,64,63,64
1329,2006,1,NW,1,1,Duke,70,16,Southern,54,1,2
1330,2006,1,NW,2,8,George Washington,88,9,UNC Wilmington,85,3,4
1331,2006,1,NW,3,5,Syracuse,58,12,Texas A&M,66,5,6
1332,2006,1,NW,4,4,LSU,80,13,Iona,64,7,8
1333,2006,1,NW,5,6,West Virginia,64,11,Southern Illinois,46,9,10
1334,2006,1,NW,6,3,Iowa,63,14,Northwestern St.,64,11,12
1335,2006,1,NW,7,7,California,52,10,North Carolina St.,58,13,14
1336,2006,1,NW,8,2,Texas,60,15,Penn,52,15,16
1337,2006,1,SW,9,1,Memphis,94,16,Oral Roberts,78,17,18
1338,2006,1,SW,10,8,Arkansas,55,9,Bucknell,59,19,20
1339,2006,1,SW,11,5,Pittsburgh,79,12,Kent St.,64,21,22
1340,2006,1,SW,12,4,Kansas,73,13,Bradley,77,23,24
1341,2006,1,SW,13,6,Indiana,87,11,San Diego St.,83,25,26
1342,2006,1,SW,14,3,Gonzaga,79,14,Xavier,75,27,28
1343,2006,1,SW,15,7,Marquette,85,10,Alabama,90,29,30
1344,2006,1,SW,16,2,UCLA,78,15,Belmont,44,31,32
1345,2006,1,NE,17,1,Connecticut,72,16,Albany,59,33,34
1346,2006,1,NE,18,8,Kentucky,69,9,UAB,64,35,36
1347,2006,1,NE,19,5,Washington,75,12,Utah St.,61,37,38
1348,2006,1,NE,20,4,Illinois,78,13,Air Force,69,39,40
1349,2006,1,NE,21,6,Michigan St.,65,11,George Mason,75,41,42
1350,2006,1,NE,22,3,North Carolina,69,14,Murray St.,65,43,44
1351,2006,1,NE,23,7,Wichita St.,86,10,Seton Hall,66,45,46
1352,2006,1,NE,24,2,Tennessee,63,15,Winthrop,61,47,48
1353,2006,1,SE,25,1,Villanova,58,16,Monmouth,45,49,50
1354,2006,1,SE,26,8,Arizona,94,9,Wisconsin,75,51,52
1355,2006,1,SE,27,5,Nevada,79,12,Montana,87,53,54
1356,2006,1,SE,28,4,Boston College,88,13,Pacific,76,55,56
1357,2006,1,SE,29,6,Oklahoma,74,11,Milwaukee,82,57,58
1358,2006,1,SE,30,3,Florida,76,14,South Alabama,50,59,60
1359,2006,1,SE,31,7,Georgetown,54,10,Northern Iowa,49,61,62
1360,2006,1,SE,32,2,Ohio St.,70,15,Davidson,62,63,64
1393,2007,1,NW,1,1,Florida,112,16,Jackson St.,69,1,2
1394,2007,1,NW,2,8,Arizona,63,9,Purdue,72,3,4
1395,2007,1,NW,3,5,Butler,57,12,Old Dominion,46,5,6
1396,2007,1,NW,4,4,Maryland,82,13,Davidson,70,7,8
1397,2007,1,NW,5,6,Notre Dame,64,11,Winthrop,74,9,10
1398,2007,1,NW,6,3,Oregon,58,14,Miami OH,56,11,12
1399,2007,1,NW,7,7,UNLV,67,10,Georgia Tech,63,13,14
1400,2007,1,NW,8,2,Wisconsin,76,15,Texas A&M Corpus Chris,63,15,16
1401,2007,1,SW,9,1,Kansas,107,16,Niagara,67,17,18
1402,2007,1,SW,10,8,Kentucky,67,9,Villanova,58,19,20
1403,2007,1,SW,11,5,Virginia Tech,54,12,Illinois,52,21,22
1404,2007,1,SW,12,4,Southern Illinois,61,13,Holy Cross,51,23,24
1405,2007,1,SW,13,6,Duke,77,11,VCU,79,25,26
1406,2007,1,SW,14,3,Pittsburgh,79,14,Wright St.,58,27,28
1407,2007,1,SW,15,7,Indiana,70,10,Gonzaga,57,29,30
1408,2007,1,SW,16,2,UCLA,70,15,Weber St.,42,31,32
1409,2007,1,NE,17,1,North Carolina,86,16,Eastern Kentucky,65,33,34
1410,2007,1,NE,18,8,Marquette,49,9,Michigan St.,61,35,36
1411,2007,1,NE,19,5,USC,77,12,Arkansas,60,37,38
1412,2007,1,NE,20,4,Texas,79,13,New Mexico St.,67,39,40
1413,2007,1,NE,21,6,Vanderbilt,77,11,George Washington,44,41,42
1414,2007,1,NE,22,3,Washington St.,70,14,Oral Roberts,54,43,44
1415,2007,1,NE,23,7,Boston College,84,10,Texas Tech,75,45,46
1416,2007,1,NE,24,2,Georgetown,80,15,Belmont,55,47,48
1417,2007,1,SE,25,1,Ohio St.,78,16,Central Connecticut,57,49,50
1418,2007,1,SE,26,8,BYU,77,9,Xavier,79,51,52
1419,2007,1,SE,27,5,Tennessee,121,12,Long Beach St.,86,53,54
1420,2007,1,SE,28,4,Virginia,84,13,Albany,57,55,56
1421,2007,1,SE,29,6,Louisville,78,11,Stanford,58,57,58
1422,2007,1,SE,30,3,Texas A&M,68,14,Penn,52,59,60
1423,2007,1,SE,31,7,Nevada,77,10,Creighton,71,61,62
1424,2007,1,SE,32,2,Memphis,73,15,North Texas,58,63,64
1457,2008,1,NW,1,1,North Carolina,113,16,Mount St. Mary's,74,1,2
1458,2008,1,NW,2,8,Indiana,72,9,Arkansas,86,3,4
1459,2008,1,NW,3,5,Notre Dame,68,12,George Mason,50,5,6
1460,2008,1,NW,4,4,Washington St.,71,13,Winthrop,40,7,8
1461,2008,1,NW,5,6,Oklahoma,72,11,Saint Joseph's,64,9,10
1462,2008,1,NW,6,3,Louisville,79,14,Boise St.,61,11,12
1463,2008,1,NW,7,7,Butler,81,10,South Alabama,61,13,14
1464,2008,1,NW,8,2,Tennessee,72,15,American,57,15,16
1465,2008,1,SW,9,1,Kansas,85,16,Portland St.,61,17,18
1466,2008,1,SW,10,8,UNLV,71,9,Kent St.,58,19,20
1467,2008,1,SW,11,5,Clemson,69,12,Villanova,75,21,22
1468,2008,1,SW,12,4,Vanderbilt,62,13,Siena,83,23,24
1469,2008,1,SW,13,6,USC,67,11,Kansas St.,80,25,26
1470,2008,1,SW,14,3,Wisconsin,71,14,Cal St. Fullerton,56,27,28
1471,2008,1,SW,15,7,Gonzaga,76,10,Davidson,82,29,30
1472,2008,1,SW,16,2,Georgetown,66,15,UMBC,47,31,32
1473,2008,1,NE,17,1,Memphis,87,16,UT Arlington,63,33,34
1474,2008,1,NE,18,8,Mississippi St.,76,9,Oregon,69,35,36
1475,2008,1,NE,19,5,Michigan St.,72,12,Temple,61,37,38
1476,2008,1,NE,20,4,Pittsburgh,82,13,Oral Roberts,63,39,40
1477,2008,1,NE,21,6,Marquette,74,11,Kentucky,66,41,42
1478,2008,1,NE,22,3,Stanford,77,14,Cornell,53,43,44
1479,2008,1,NE,23,7,Miami FL,78,10,Saint Mary's,64,45,46
1480,2008,1,NE,24,2,Texas,74,15,Austin Peay,54,47,48
1481,2008,1,SE,25,1,UCLA,70,16,Mississippi Valley St.,29,49,50
1482,2008,1,SE,26,8,BYU,62,9,Texas A&M,67,51,52
1483,2008,1,SE,27,5,Drake,99,12,Western Kentucky,101,53,54
1484,2008,1,SE,28,4,Connecticut,69,13,San Diego,70,55,56
1485,2008,1,SE,29,6,Purdue,90,11,Baylor,79,57,58
1486,2008,1,SE,30,3,Xavier,73,14,Georgia,61,59,60
1487,2008,1,SE,31,7,West Virginia,75,10,Arizona,65,61,62
1488,2008,1,SE,32,2,Duke,71,15,Belmont,70,63,64
1521,2009,1,NW,1,1,Louisville,74,16,Morehead St.,54,1,2
1522,2009,1,NW,2,8,Ohio St.,72,9,Siena,74,3,4
1523,2009,1,NW,3,5,Utah,71,12,Arizona,84,5,6
1524,2009,1,NW,4,4,Wake Forest,69,13,Cleveland St.,84,7,8
1525,2009,1,NW,5,6,West Virginia,60,11,Dayton,68,9,10
1526,2009,1,NW,6,3,Kansas,84,14,North Dakota St.,74,11,12
1527,2009,1,NW,7,7,Boston College,55,10,USC,72,13,14
1528,2009,1,NW,8,2,Michigan St.,77,15,Robert Morris,62,15,16
1529,2009,1,SW,9,1,Connecticut,103,16,Chattanooga,47,17,18
1530,2009,1,SW,10,8,BYU,66,9,Texas A&M,79,19,20
1531,2009,1,SW,11,5,Purdue,61,12,Northern Iowa,56,21,22
1532,2009,1,SW,12,4,Washington,71,13,Mississippi St.,58,23,24
1533,2009,1,SW,13,6,Marquette,58,11,Utah St.,57,25,26
1534,2009,1,SW,14,3,Missouri,78,14,Cornell,59,27,28
1535,2009,1,SW,15,7,California,71,10,Maryland,84,29,30
1536,2009,1,SW,16,2,Memphis,81,15,Cal St. Northridge,70,31,32
1537,2009,1,NE,17,1,Pittsburgh,72,16,East Tennessee St.,62,33,34
1538,2009,1,NE,18,8,Oklahoma St.,77,9,Tennessee,75,35,36
1539,2009,1,NE,19,5,Florida St.,59,12,Wisconsin,61,37,38
1540,2009,1,NE,20,4,Xavier,77,13,Portland St.,59,39,40
1541,2009,1,NE,21,6,UCLA,65,11,VCU,64,41,42
1542,2009,1,NE,22,3,Villanova,80,14,American,67,43,44
1543,2009,1,NE,23,7,Texas,76,10,Minnesota,62,45,46
1544,2009,1,NE,24,2,Duke,86,15,Binghamton,62,47,48
1545,2009,1,SE,25,1,North Carolina,101,16,Radford,58,49,50
1546,2009,1,SE,26,8,LSU,75,9,Butler,71,51,52
1547,2009,1,SE,27,5,Illinois,72,12,Western Kentucky,76,53,54
1548,2009,1,SE,28,4,Gonzaga,77,13,Akron,64,55,56
1549,2009,1,SE,29,6,Arizona St.,66,11,Temple,57,57,58
1550,2009,1,SE,30,3,Syracuse,59,14,Stephen F. Austin,44,59,60
1551,2009,1,SE,31,7,Clemson,59,10,Michigan,62,61,62
1552,2009,1,SE,32,2,Oklahoma,82,15,Morgan St.,54,63,64
1585,2010,1,NW,1,1,Kansas,90,16,Lehigh,74,1,2
1586,2010,1,NW,2,8,UNLV,66,9,Northern Iowa,69,3,4
1587,2010,1,NW,3,5,Michigan St.,70,12,New Mexico St.,67,5,6
1588,2010,1,NW,4,4,Maryland,89,13,Houston,77,7,8
1589,2010,1,NW,5,6,Tennessee,62,11,San Diego St.,59,9,10
1590,2010,1,NW,6,3,Georgetown,83,14,Ohio,97,11,12
1591,2010,1,NW,7,7,Oklahoma St.,59,10,Georgia Tech,64,13,14
1592,2010,1,NW,8,2,Ohio St.,68,15,UC Santa Barbara,51,15,16
1593,2010,1,SW,9,1,Syracuse,79,16,Vermont,56,17,18
1594,2010,1,SW,10,8,Gonzaga,67,9,Florida St.,60,19,20
1595,2010,1,SW,11,5,Butler,77,12,UTEP,59,21,22
1596,2010,1,SW,12,4,Vanderbilt,65,13,Murray St.,66,23,24
1597,2010,1,SW,13,6,Xavier,65,11,Minnesota,54,25,26
1598,2010,1,SW,14,3,Pittsburgh,89,14,Oakland,66,27,28
1599,2010,1,SW,15,7,BYU,99,10,Florida,92,29,30
1600,2010,1,SW,16,2,Kansas St.,82,15,North Texas,62,31,32
1601,2010,1,NE,17,1,Kentucky,100,16,East Tennessee St.,71,33,34
1602,2010,1,NE,18,8,Texas,80,9,Wake Forest,81,35,36
1603,2010,1,NE,19,5,Temple,65,12,Cornell,78,37,38
1604,2010,1,NE,20,4,Wisconsin,53,13,Wofford,49,39,40
1605,2010,1,NE,21,6,Marquette,78,11,Washington,80,41,42
1606,2010,1,NE,22,3,New Mexico,62,14,Montana,57,43,44
1607,2010,1,NE,23,7,Clemson,78,10,Missouri,86,45,46
1608,2010,1,NE,24,2,West Virginia,77,15,Morgan St.,50,47,48
1609,2010,1,SE,25,1,Duke,73,16,Arkansas Pine Bluff,44,49,50
1610,2010,1,SE,26,8,California,77,9,Louisville,62,51,52
1611,2010,1,SE,27,5,Texas A&M,69,12,Utah St.,53,53,54
1612,2010,1,SE,28,4,Purdue,72,13,Siena,64,55,56
1613,2010,1,SE,29,6,Notre Dame,50,11,Old Dominion,51,57,58
1614,2010,1,SE,30,3,Baylor,68,14,Sam Houston St.,59,59,60
1615,2010,1,SE,31,7,Richmond,71,10,Saint Mary's,80,61,62
1616,2010,1,SE,32,2,Villanova,73,15,Robert Morris,70,63,64
1652,2011,1,NW,1,1,Ohio St.,75,16,UTSA,46,1,2
1653,2011,1,NW,2,8,George Mason,61,9,Villanova,57,3,4
1654,2011,1,NW,3,5,West Virginia,84,12,Clemson,76,5,6
1655,2011,1,NW,4,4,Kentucky,59,13,Princeton,57,7,8
1656,2011,1,NW,5,6,Xavier,55,11,Marquette,66,9,10
1657,2011,1,NW,6,3,Syracuse,77,14,Indiana St.,60,11,12
1658,2011,1,NW,7,7,Washington,68,10,Georgia,65,13,14
1659,2011,1,NW,8,2,North Carolina,102,15,LIU,87,15,16
1660,2011,1,SW,9,1,Duke,87,16,Hampton,45,17,18
1661,2011,1,SW,10,8,Michigan,75,9,Tennessee,45,19,20
1662,2011,1,SW,11,5,Arizona,77,12,Memphis,75,21,22
1663,2011,1,SW,12,4,Texas,85,13,Oakland,81,23,24
1664,2011,1,SW,13,6,Cincinnati,78,11,Missouri,63,25,26
1665,2011,1,SW,14,3,Connecticut,81,14,Bucknell,52,27,28
1666,2011,1,SW,15,7,Temple,66,10,Penn St.,64,29,30
1667,2011,1,SW,16,2,San Diego St.,68,15,Northern Colorado,50,31,32
1668,2011,1,NE,17,1,Kansas,72,16,Boston University,53,33,34
1669,2011,1,NE,18,8,UNLV,62,9,Illinois,73,35,36
1670,2011,1,NE,19,5,Vanderbilt,66,12,Richmond,69,37,38
1671,2011,1,NE,20,4,Louisville,61,13,Morehead St.,62,39,40
1672,2011,1,NE,21,6,Georgetown,56,11,VCU,74,41,42
1673,2011,1,NE,22,3,Purdue,65,14,Saint Peter's,43,43,44
1674,2011,1,NE,23,7,Texas A&M,50,10,Florida St.,57,45,46
1675,2011,1,NE,24,2,Notre Dame,69,15,Akron,56,47,48
1676,2011,1,SE,25,1,Pittsburgh,74,16,UNC Asheville,51,49,50
1677,2011,1,SE,26,8,Butler,60,9,Old Dominion,58,51,52
1678,2011,1,SE,27,5,Kansas St.,73,12,Utah St.,68,53,54
1679,2011,1,SE,28,4,Wisconsin,72,13,Belmont,58,55,56
1680,2011,1,SE,29,6,St. John's,71,11,Gonzaga,86,57,58
1681,2011,1,SE,30,3,BYU,74,14,Wofford,66,59,60
1682,2011,1,SE,31,7,UCLA,78,10,Michigan St.,76,61,62
1683,2011,1,SE,32,2,Florida,79,15,UC Santa Barbara,51,63,64
1719,2012,1,NW,1,1,Kentucky,81,16,Western Kentucky,66,1,2
1720,2012,1,NW,2,8,Iowa St.,77,9,Connecticut,64,3,4
1721,2012,1,NW,3,5,Wichita St.,59,12,VCU,62,5,6
1722,2012,1,NW,4,4,Indiana,79,13,New Mexico St.,66,7,8
1723,2012,1,NW,5,6,UNLV,64,11,Colorado,68,9,10
1724,2012,1,NW,6,3,Baylor,68,14,South Dakota St.,60,11,12
1725,2012,1,NW,7,7,Notre Dame,63,10,Xavier,67,13,14
1726,2012,1,NW,8,2,Duke,70,15,Lehigh,75,15,16
1727,2012,1,SW,9,1,Michigan St.,89,16,LIU,67,17,18
1728,2012,1,SW,10,8,Memphis,54,9,Saint Louis,61,19,20
1729,2012,1,SW,11,5,New Mexico,75,12,Long Beach St.,68,21,22
1730,2012,1,SW,12,4,Louisville,69,13,Davidson,62,23,24
1731,2012,1,SW,13,6,Murray St.,58,11,Colorado St.,41,25,26
1732,2012,1,SW,14,3,Marquette,88,14,BYU,68,27,28
1733,2012,1,SW,15,7,Florida,71,10,Virginia,45,29,30
1734,2012,1,SW,16,2,Missouri,84,15,Norfolk St.,86,31,32
1735,2012,1,NE,17,1,Syracuse,72,16,UNC Asheville,65,33,34
1736,2012,1,NE,18,8,Kansas St.,70,9,Southern Miss,64,35,36
1737,2012,1,NE,19,5,Vanderbilt,79,12,Harvard,70,37,38
1738,2012,1,NE,20,4,Wisconsin,73,13,Montana,49,39,40
1739,2012,1,NE,21,6,Cincinnati,65,11,Texas,59,41,42
1740,2012,1,NE,22,3,Florida St.,66,14,St. Bonaventure,63,43,44
1741,2012,1,NE,23,7,Gonzaga,77,10,West Virginia,54,45,46
1742,2012,1,NE,24,2,Ohio St.,78,15,Loyola MD,59,47,48
1743,2012,1,SE,25,1,North Carolina,77,16,Vermont,58,49,50
1744,2012,1,SE,26,8,Creighton,58,9,Alabama,57,51,52
1745,2012,1,SE,27,5,Temple,44,12,South Florida,58,53,54
1746,2012,1,SE,28,4,Michigan,60,13,Ohio,65,55,56
1747,2012,1,SE,29,6,San Diego St.,65,11,North Carolina St.,79,57,58
1748,2012,1,SE,30,3,Georgetown,74,14,Belmont,59,59,60
1749,2012,1,SE,31,7,Saint Mary's,69,10,Purdue,72,61,62
1750,2012,1,SE,32,2,Kansas,65,15,Detroit Mercy,50,63,64
1786,2013,1,NW,1,1,Louisville,79,16,North Carolina A&T,48,1,2
1787,2013,1,NW,2,8,Colorado St.,84,9,Missouri,72,3,4
1788,2013,1,NW,3,5,Oklahoma St.,55,12,Oregon,68,5,6
1789,2013,1,NW,4,4,Saint Louis,64,13,New Mexico St.,44,7,8
1790,2013,1,NW,5,6,Memphis,54,11,Saint Mary's,52,9,10
1791,2013,1,NW,6,3,Michigan St.,65,14,Valparaiso,54,11,12
1792,2013,1,NW,7,7,Creighton,67,10,Cincinnati,63,13,14
1793,2013,1,NW,8,2,Duke,73,15,Albany,61,15,16
1794,2013,1,SW,9,1,Gonzaga,64,16,Southern,58,17,18
1795,2013,1,SW,10,8,Pittsburgh,55,9,Wichita St.,73,19,20
1796,2013,1,SW,11,5,Wisconsin,46,12,Mississippi,57,21,22
1797,2013,1,SW,12,4,Kansas St.,61,13,La Salle,63,23,24
1798,2013,1,SW,13,6,Arizona,81,11,Belmont,64,25,26
1799,2013,1,SW,14,3,New Mexico,62,14,Harvard,68,27,28
1800,2013,1,SW,15,7,Notre Dame,58,10,Iowa St.,76,29,30
1801,2013,1,SW,16,2,Ohio St.,95,15,Iona,70,31,32
1802,2013,1,NE,17,1,Kansas,64,16,Western Kentucky,57,33,34
1803,2013,1,NE,18,8,North Carolina,78,9,Villanova,71,35,36
1804,2013,1,NE,19,5,VCU,88,12,Akron,42,37,38
1805,2013,1,NE,20,4,Michigan,71,13,South Dakota St.,56,39,40
1806,2013,1,NE,21,6,UCLA,63,11,Minnesota,83,41,42
1807,2013,1,NE,22,3,Florida,79,14,Northwestern St.,47,43,44
1808,2013,1,NE,23,7,San Diego St.,70,10,Oklahoma,55,45,46
1809,2013,1,NE,24,2,Georgetown,68,15,Florida Gulf Coast,78,47,48
1810,2013,1,SE,25,1,Indiana,83,16,James Madison,62,49,50
1811,2013,1,SE,26,8,North Carolina St.,72,9,Temple,76,51,52
1812,2013,1,SE,27,5,UNLV,61,12,California,64,53,54
1813,2013,1,SE,28,4,Syracuse,81,13,Montana,34,55,56
1814,2013,1,SE,29,6,Butler,68,11,Bucknell,56,57,58
1815,2013,1,SE,30,3,Marquette,59,14,Davidson,58,59,60
1816,2013,1,SE,31,7,Illinois,57,10,Colorado,49,61,62
1817,2013,1,SE,32,2,Miami FL,78,15,Pacific,49,63,64
1853,2014,1,NW,1,1,Florida,67,16,Albany,55,1,2
1854,2014,1,NW,2,8,Colorado,48,9,Pittsburgh,77,3,4
1855,2014,1,NW,3,5,VCU,75,12,Stephen F. Austin,77,5,6
1856,2014,1,NW,4,4,UCLA,76,13,Tulsa,59,7,8
1857,2014,1,NW,5,6,Ohio St.,59,11,Dayton,60,9,10
1858,2014,1,NW,6,3,Syracuse,77,14,Western Michigan,53,11,12
1859,2014,1,NW,7,7,New Mexico,53,10,Stanford,58,13,14
1860,2014,1,NW,8,2,Kansas,80,15,Eastern Kentucky,69,15,16
1861,2014,1,SW,9,1,Virginia,70,16,Coastal Carolina,59,17,18
1862,2014,1,SW,10,8,Memphis,71,9,George Washington,66,19,20
1863,2014,1,SW,11,5,Cincinnati,57,12,Harvard,61,21,22
1864,2014,1,SW,12,4,Michigan St.,93,13,Delaware,78,23,24
1865,2014,1,SW,13,6,North Carolina,79,11,Providence,77,25,26
1866,2014,1,SW,14,3,Iowa St.,93,14,North Carolina Central,75,27,28
1867,2014,1,SW,15,7,Connecticut,89,10,Saint Joseph's,81,29,30
1868,2014,1,SW,16,2,Villanova,73,15,Milwaukee,53,31,32
1869,2014,1,NE,17,1,Arizona,68,16,Weber St.,59,33,34
1870,2014,1,NE,18,8,Gonzaga,85,9,Oklahoma St.,77,35,36
1871,2014,1,NE,19,5,Oklahoma,75,12,North Dakota St.,80,37,38
1872,2014,1,NE,20,4,San Diego St.,73,13,New Mexico St.,69,39,40
1873,2014,1,NE,21,6,Baylor,74,11,Nebraska,60,41,42
1874,2014,1,NE,22,3,Creighton,76,14,Lafayette,66,43,44
1875,2014,1,NE,23,7,Oregon,87,10,BYU,68,45,46
1876,2014,1,NE,24,2,Wisconsin,75,15,American,35,47,48
1877,2014,1,SE,25,1,Wichita St.,64,16,Cal Poly,37,49,50
1878,2014,1,SE,26,8,Kentucky,56,9,Kansas St.,49,51,52
1879,2014,1,SE,27,5,Saint Louis,83,12,North Carolina St.,80,53,54
1880,2014,1,SE,28,4,Louisville,71,13,Manhattan,64,55,56
1881,2014,1,SE,29,6,Massachusetts,67,11,Tennessee,86,57,58
1882,2014,1,SE,30,3,Duke,71,14,Mercer,78,59,60
1883,2014,1,SE,31,7,Texas,87,10,Arizona St.,85,61,62
1884,2014,1,SE,32,2,Michigan,57,15,Wofford,40,63,64
1920,2015,1,NW,1,1,Kentucky,79,16,Hampton,56,1,2
1921,2015,1,NW,2,8,Cincinnati,66,9,Purdue,65,3,4
1922,2015,1,NW,3,5,West Virginia,68,12,Buffalo,62,5,6
1923,2015,1,NW,4,4,Maryland,65,13,Valparaiso,62,7,8
1924,2015,1,NW,5,6,Butler,56,11,Texas,48,9,10
1925,2015,1,NW,6,3,Notre Dame,69,14,Northeastern,65,11,12
1926,2015,1,NW,7,7,Wichita St.,81,10,Indiana,76,13,14
1927,2015,1,NW,8,2,Kansas,75,15,New Mexico St.,56,15,16
1928,2015,1,SW,9,1,Wisconsin,86,16,Coastal Carolina,72,17,18
1929,2015,1,SW,10,8,Oregon,79,9,Oklahoma St.,73,19,20
1930,2015,1,SW,11,5,Arkansas,56,12,Wofford,53,21,22
1931,2015,1,SW,12,4,North Carolina,67,13,Harvard,65,23,24
1932,2015,1,SW,13,6,Xavier,76,11,Mississippi,57,25,26
1933,2015,1,SW,14,3,Baylor,56,14,Georgia St.,57,27,28
1934,2015,1,SW,15,7,VCU,72,10,Ohio St.,75,29,30
1935,2015,1,SW,16,2,Arizona,93,15,Texas Southern,72,31,32
1936,2015,1,NE,17,1,Villanova,93,16,Lafayette,52,33,34
1937,2015,1,NE,18,8,North Carolina St.,66,9,LSU,65,35,36
1938,2015,1,NE,19,5,Northern Iowa,71,12,Wyoming,54,37,38
1939,2015,1,NE,20,4,Louisville,57,13,UC Irvine,55,39,40
1940,2015,1,NE,21,6,Providence,53,11,Dayton,66,41,42
1941,2015,1,NE,22,3,Oklahoma,69,14,Albany,60,43,44
1942,2015,1,NE,23,7,Michigan St.,70,10,Georgia,63,45,46
1943,2015,1,NE,24,2,Virginia,79,15,Belmont,67,47,48
1944,2015,1,SE,25,1,Duke,85,16,Robert Morris,56,49,50
1945,2015,1,SE,26,8,San Diego St.,76,9,St. John's,64,51,52
1946,2015,1,SE,27,5,Utah,57,12,Stephen F. Austin,50,53,54
1947,2015,1,SE,28,4,Georgetown,84,13,Eastern Washington,74,55,56
1948,2015,1,SE,29,6,SMU,59,11,UCLA,60,57,58
1949,2015,1,SE,30,3,Iowa St.,59,14,UAB,60,59,60
1950,2015,1,SE,31,7,Iowa,83,10,Davidson,52,61,62
1951,2015,1,SE,32,2,Gonzaga,86,15,North Dakota St.,76,63,64
1987,2016,1,NW,1,1,Kansas,105,16,Austin Peay,79,1,2
1988,2016,1,NW,2,8,Colorado,67,9,Connecticut,74,3,4
1989,2016,1,NW,3,5,Maryland,79,12,South Dakota St.,74,5,6
1990,2016,1,NW,4,4,California,66,13,Hawaii,77,7,8
1991,2016,1,NW,5,6,Arizona,55,11,Wichita St.,65,9,10
1992,2016,1,NW,6,3,Miami FL,79,14,Buffalo,72,11,12
1993,2016,1,NW,7,7,Iowa,72,10,Temple,70,13,14
1994,2016,1,NW,8,2,Villanova,86,15,UNC Asheville,56,15,16
1995,2016,1,SW,9,1,Oregon,91,16,Holy Cross,52,17,18
1996,2016,1,SW,10,8,Saint Joseph's,78,9,Cincinnati,76,19,20
1997,2016,1,SW,11,5,Baylor,75,12,Yale,79,21,22
1998,2016,1,SW,12,4,Duke,93,13,UNC Wilmington,85,23,24
1999,2016,1,SW,13,6,Texas,72,11,Northern Iowa,75,25,26
2000,2016,1,SW,14,3,Texas A&M,92,14,Green Bay,65,27,28
2001,2016,1,SW,15,7,Oregon St.,67,10,VCU,75,29,30
2002,2016,1,SW,16,2,Oklahoma,82,15,Cal St. Bakersfield,68,31,32
2003,2016,1,NE,17,1,North Carolina,83,16,Florida Gulf Coast,67,33,34
2004,2016,1,NE,18,8,USC,69,9,Providence,70,35,36
2005,2016,1,NE,19,5,Indiana,99,12,Chattanooga,74,37,38
2006,2016,1,NE,20,4,Kentucky,85,13,Stony Brook,57,39,40
2007,2016,1,NE,21,6,Notre Dame,70,11,Michigan,63,41,42
2008,2016,1,NE,22,3,West Virginia,56,14,Stephen F. Austin,70,43,44
2009,2016,1,NE,23,7,Wisconsin,47,10,Pittsburgh,43,45,46
2010,2016,1,NE,24,2,Xavier,71,15,Weber St.,53,47,48
2011,2016,1,SE,25,1,Virginia,81,16,Hampton,45,49,50
2012,2016,1,SE,26,8,Texas Tech,61,9,Butler,71,51,52
2013,2016,1,SE,27,5,Purdue,83,12,Little Rock,85,53,54
2014,2016,1,SE,28,4,Iowa St.,94,13,Iona,81,55,56
2015,2016,1,SE,29,6,Seton Hall,52,11,Gonzaga,68,57,58
2016,2016,1,SE,30,3,Utah,80,14,Fresno St.,69,59,60
2017,2016,1,SE,31,7,Dayton,51,10,Syracuse,70,61,62
2018,2016,1,SE,32,2,Michigan St.,81,15,Middle Tennessee,90,63,64
2054,2017,1,NW,1,1,Villanova,76,16,Mount St. Mary's,56,1,2
2055,2017,1,NW,2,8,Wisconsin,84,9,Virginia Tech,74,3,4
2056,2017,1,NW,3,5,Virginia,76,12,UNC Wilmington,71,5,6
2057,2017,1,NW,4,4,Florida,80,13,East Tennessee St.,65,7,8
2058,2017,1,NW,5,6,SMU,65,11,USC,66,9,10
2059,2017,1,NW,6,3,Baylor,91,14,New Mexico St.,73,11,12
2060,2017,1,NW,7,7,South Carolina,93,10,Marquette,73,13,14
2061,2017,1,NW,8,2,Duke,87,15,Troy,65,15,16
2062,2017,1,SW,9,1,Gonzaga,66,16,San Diego St.,46,17,18
2063,2017,1,SW,10,8,Northwestern,68,9,Vanderbilt,66,19,20
2064,2017,1,SW,11,5,Notre Dame,60,12,Princeton,58,21,22
2065,2017,1,SW,12,4,West Virginia,86,13,Bucknell,80,23,24
2066,2017,1,SW,13,6,Maryland,65,11,Xavier,76,25,26
2067,2017,1,SW,14,3,Florida St.,86,14,Florida Gulf Coast,80,27,28
2068,2017,1,SW,15,7,Saint Mary's,85,10,VCU,77,29,30
2069,2017,1,SW,16,2,Arizona,100,15,North Dakota,82,31,32
2070,2017,1,NE,17,1,Kansas,100,16,UC Davis,62,33,34
2071,2017,1,NE,18,8,Miami FL,58,9,Michigan St.,78,35,36
2072,2017,1,NE,19,5,Iowa St.,84,12,Nevada,73,37,38
2073,2017,1,NE,20,4,Purdue,80,13,Vermont,70,39,40
2074,2017,1,NE,21,6,Creighton,72,11,Rhode Island,84,41,42
2075,2017,1,NE,22,3,Oregon,93,14,Iona,77,43,44
2076,2017,1,NE,23,7,Michigan,92,10,Oklahoma St.,91,45,46
2077,2017,1,NE,24,2,Louisville,78,15,Jacksonville St.,63,47,48
2078,2017,1,SE,25,1,North Carolina,103,16,Texas Southern,64,49,50
2079,2017,1,SE,26,8,Arkansas,77,9,Seton Hall,71,51,52
2080,2017,1,SE,27,5,Minnesota,72,12,Middle Tennessee,81,53,54
2081,2017,1,SE,28,4,Butler,76,13,Winthrop,64,55,56
2082,2017,1,SE,29,6,Cincinnati,75,11,Kansas St.,61,57,58
2083,2017,1,SE,30,3,UCLA,97,14,Kent St.,80,59,60
2084,2017,1,SE,31,7,Dayton,58,10,Wichita St.,64,61,62
2085,2017,1,SE,32,2,Kentucky,79,15,Northern Kentucky,70,63,64
2121,2018,1,NW,1,1,Virginia,54,16,UMBC,74,1,4
2122,2018,1,NW,2,8,Creighton,59,9,Kansas St.,69,5,6
2123,2018,1,NW,3,5,Kentucky,78,12,Davidson,73,7,8
2124,2018,1,NW,4,4,Arizona,68,13,Buffalo,89,9,10
2125,2018,1,NW,5,6,Miami FL,62,11,Loyola Chicago,64,11,12
2126,2018,1,NW,6,3,Tennessee,73,14,Wright St.,47,13,14
2127,2018,1,NW,7,7,Nevada,87,10,Texas,83,15,16
2128,2018,1,SW,8,2,Cincinnati,68,15,Georgia St.,53,17,18
2129,2018,1,SW,9,1,Xavier,102,16,Texas Southern,83,19,20
2130,2018,1,SW,10,8,Missouri,54,9,Florida St.,67,21,22
2131,2018,1,NW,11,5,Ohio St.,81,12,South Dakota St.,73,2,3
2132,2018,1,SW,12,4,Gonzaga,68,13,UNC Greensboro,64,23,24
2133,2018,1,SW,13,6,Houston,67,11,San Diego St.,65,25,26
2134,2018,1,SW,14,3,Michigan,61,14,Montana,47,27,28
2135,2018,1,SW,15,7,Texas A&M,73,10,Providence,69,29,30
2136,2018,1,SW,16,2,North Carolina,84,15,Lipscomb,66,31,32
2137,2018,1,NE,17,1,Villanova,87,16,Radford,61,33,34
2138,2018,1,NE,18,8,Virginia Tech,83,9,Alabama,86,35,36
2139,2018,1,NE,19,5,West Virginia,85,12,Murray St.,68,37,38
2140,2018,1,NE,20,4,Wichita St.,75,13,Marshall,81,39,40
2141,2018,1,NE,21,6,Florida,77,11,St. Bonaventure,62,41,42
2142,2018,1,NE,22,3,Texas Tech,70,14,Stephen F. Austin,60,43,44
2143,2018,1,NE,23,7,Arkansas,62,10,Butler,79,45,46
2144,2018,1,NE,24,2,Purdue,74,15,Cal St. Fullerton,48,47,48
2145,2018,1,SE,25,1,Kansas,76,16,Penn,60,49,50
2146,2018,1,SE,26,8,Seton Hall,94,9,North Carolina St.,83,51,52
2147,2018,1,SE,27,5,Clemson,79,12,New Mexico St.,68,53,54
2148,2018,1,SE,28,4,Auburn,62,13,Charleston,58,55,56
2149,2018,1,SE,29,6,TCU,52,11,Syracuse,57,57,58
2150,2018,1,SE,30,3,Michigan St.,82,14,Bucknell,78,59,60
2151,2018,1,SE,31,7,Rhode Island,83,10,Oklahoma,78,61,62
2152,2018,1,SE,32,2,Duke,89,15,Iona,67,63,64
2188,2019,1,NW,1,1,Duke,85,16,North Dakota St.,62,1,2
2189,2019,1,NW,2,8,VCU,58,9,UCF,73,3,4
2190,2019,1,NW,3,5,Mississippi St.,76,12,Liberty,80,5,6
2191,2019,1,NW,4,4,Virginia Tech,66,13,Saint Louis,52,7,8
2192,2019,1,NW,5,6,Maryland,79,11,Belmont,77,9,10
2193,2019,1,NW,6,3,LSU,79,14,Yale,74,11,12
2194,2019,1,NW,7,7,Louisville,76,10,Minnesota,86,13,14
2195,2019,1,NW,8,2,Michigan St.,76,15,Bradley,65,15,16
2196,2019,1,SW,9,1,Gonzaga,87,16,Fairleigh Dickinson,49,17,18
2197,2019,1,SW,10,8,Syracuse,69,9,Baylor,78,19,20
2198,2019,1,SW,11,5,Marquette,64,12,Murray St.,83,21,22
2199,2019,1,SW,12,4,Florida St.,76,13,Vermont,69,23,24
2200,2019,1,SW,13,6,Buffalo,91,11,Arizona St.,74,25,26
2201,2019,1,SW,14,3,Texas Tech,72,14,Northern Kentucky,57,27,28
2202,2019,1,SW,15,7,Nevada,61,10,Florida,70,29,30
2203,2019,1,SW,16,2,Michigan,74,15,Montana,55,31,32
2204,2019,1,NE,17,1,Virginia,71,16,Gardner Webb,56,33,34
2205,2019,1,NE,18,8,Mississippi,72,9,Oklahoma,95,35,36
2206,2019,1,NE,19,5,Wisconsin,54,12,Oregon,72,37,38
2207,2019,1,NE,20,4,Kansas St.,64,13,UC Irvine,70,39,40
2208,2019,1,NE,21,6,Villanova,61,11,Saint Mary's,57,41,42
2209,2019,1,NE,22,3,Purdue,61,14,Old Dominion,46,43,44
2210,2019,1,NE,23,7,Cincinnati,72,10,Iowa,79,45,46
2211,2019,1,NE,24,2,Tennessee,77,15,Colgate,70,47,48
2212,2019,1,SE,25,1,North Carolina,88,16,Iona,73,49,50
2213,2019,1,SE,26,8,Utah St.,61,9,Washington,78,51,52
2214,2019,1,SE,27,5,Auburn,78,12,New Mexico St.,77,53,54
2215,2019,1,SE,28,4,Kansas,87,13,Northeastern,53,55,56
2216,2019,1,SE,29,6,Iowa St.,59,11,Ohio St.,62,57,58
2217,2019,1,SE,30,3,Houston,84,14,Georgia St.,55,59,60
2218,2019,1,SE,31,7,Wofford,84,10,Seton Hall,68,61,62
2219,2019,1,SE,32,2,Kentucky,79,15,Abilene Christian,44,63,64
2255,2021,1,NW,1,1,Gonzaga,98,16,Norfolk St.,55,1,2
2256,2021,1,NW,2,8,Oklahoma,72,9,Missouri,68,3,4
2257,2021,1,NW,3,5,Creighton,63,12,UC Santa Barbara,62,5,6
2258,2021,1,NW,4,4,Virginia,58,13,Ohio,62,7,8
2259,2021,1,NW,5,6,USC,72,11,Drake,56,9,10
2260,2021,1,NW,6,3,Kansas,93,14,Eastern Washington,84,11,12
2261,2021,1,NW,7,7,Oregon,0,10,VCU,0,13,14
2262,2021,1,NW,8,2,Iowa,86,15,Grand Canyon,74,15,16
2263,2021,1,SW,9,1,Michigan,82,16,Texas Southern,66,17,18
2264,2021,1,SW,10,8,LSU,76,9,St. Bonaventure,61,19,20
2265,2021,1,SW,11,5,Colorado,96,12,Georgetown,73,21,22
2266,2021,1,SW,12,4,Florida St.,64,13,UNC Greensboro,54,23,24
2267,2021,1,SW,13,6,BYU,62,11,UCLA,73,25,26
2268,2021,1,SW,14,3,Texas,52,14,Abilene Christian,53,27,28
2269,2021,1,SW,15,7,Connecticut,54,10,Maryland,63,29,30
2270,2021,1,SW,16,2,Alabama,68,15,Iona,55,31,32
2271,2021,1,NE,17,1,Baylor,79,16,Hartford,55,33,34
2272,2021,1,NE,18,8,North Carolina,62,9,Wisconsin,85,35,36
2273,2021,1,NE,19,5,Villanova,73,12,Winthrop,63,37,38
2274,2021,1,NE,20,4,Purdue,69,13,North Texas,78,39,40
2275,2021,1,NE,21,6,Texas Tech,65,11,Utah St.,53,41,42
2276,2021,1,NE,22,3,Arkansas,85,14,Colgate,68,43,44
2277,2021,1,NE,23,7,Florida,75,10,Virginia Tech,70,45,46
2278,2021,1,NE,24,2,Ohio St.,72,15,Oral Roberts,75,47,48
2279,2021,1,SE,25,1,Illinois,78,16,Drexel,49,49,50
2280,2021,1,SE,26,8,Loyola Chicago,71,9,Georgia Tech,60,51,52
2281,2021,1,SE,27,5,Tennessee,56,12,Oregon St.,70,53,54
2282,2021,1,SE,28,4,Oklahoma St.,69,13,Liberty,60,55,56
2283,2021,1,SE,29,6,San Diego St.,62,11,Syracuse,78,57,58
2284,2021,1,SE,30,3,West Virginia,84,14,Morehead St.,67,59,60
2285,2021,1,SE,31,7,Clemson,56,10,Rutgers,60,61,62
2286,2021,1,SE,32,2,Houston,87,15,Cleveland St.,56,63,64
2322,2022,1,NW,1,1,Gonzaga,93,16,Georgia St.,72,1,2
2323,2022,1,NW,2,8,Boise St.,53,9,Memphis,64,3,4
2324,2022,1,NW,3,5,Connecticut,63,12,New Mexico St.,70,5,6
2325,2022,1,NW,4,4,Arkansas,75,13,Vermont,71,7,8
2326,2022,1,NW,5,6,Alabama,64,11,Notre Dame,78,9,10
2327,2022,1,NW,6,3,Texas Tech,97,14,Montana St.,62,11,12
2328,2022,1,NW,7,7,Michigan St.,74,10,Davidson,73,13,14
2329,2022,1,NW,8,2,Duke,78,15,Cal St. Fullerton,61,15,16
2330,2022,1,SW,9,1,Baylor,85,16,Norfolk St.,49,17,18
2331,2022,1,SW,10,8,North Carolina,95,9,Marquette,63,19,20
2332,2022,1,SW,11,5,Saint Mary's,82,12,Indiana,53,21,22
2333,2022,1,SW,12,4,UCLA,57,13,Akron,53,23,24
2334,2022,1,SW,13,6,Texas,81,11,Virginia Tech,73,25,26
2335,2022,1,SW,14,3,Purdue,78,14,Yale,56,27,28
2336,2022,1,SW,15,7,Murray St.,92,10,San Francisco,87,29,30
2337,2022,1,SW,16,2,Kentucky,79,15,Saint Peter's,85,31,32
2338,2022,1,NE,17,1,Arizona,87,16,Wright St.,70,33,34
2339,2022,1,NE,18,8,Seton Hall,42,9,TCU,69,35,36
2340,2022,1,NE,19,5,Houston,82,12,UAB,68,37,38
2341,2022,1,NE,20,4,Illinois,54,13,Chattanooga,53,39,40
2342,2022,1,NE,21,6,Colorado St.,63,11,Michigan,75,41,42
2343,2022,1,NE,22,3,Tennessee,88,14,Longwood,56,43,44
2344,2022,1,NE,23,7,Ohio St.,54,10,Loyola Chicago,41,45,46
2345,2022,1,NE,24,2,Villanova,80,15,Delaware,60,47,48
2346,2022,1,SE,25,1,Kansas,83,16,Texas Southern,56,49,50
2347,2022,1,SE,26,8,San Diego St.,69,9,Creighton,72,51,52
2348,2022,1,SE,27,5,Iowa,63,12,Richmond,67,53,54
2349,2022,1,SE,28,4,Providence,66,13,South Dakota St.,57,55,56
2350,2022,1,SE,29,6,LSU,54,11,Iowa St.,59,57,58
2351,2022,1,SE,30,3,Wisconsin,67,14,Colgate,60,59,60
2352,2022,1,SE,31,7,USC,66,10,Miami FL,68,61,62
2353,2022,1,SE,32,2,Auburn,80,15,Jacksonville St.,61,63,64
