Year,Round,Region,Game,AFSeed,AFTeam,AFScore,AUSeed,AUTeam,AUScore,Fti,Uti
2008,0,PI,-1,16,Mount St. Mary's,69,16,Coppin St.,60,2,65
2008,1,NW,1,1,North Carolina,113,16,Mount St. Mary's,74,1,2
2008,1,NW,2,8,Indiana,72,9,Arkansas,86,3,4
2008,1,NW,3,5,Notre Dame,68,12,George Mason,50,5,6
2008,1,NW,4,4,Washington St.,71,13,Winthrop,40,7,8
2008,1,NW,5,6,Oklahoma,72,11,Saint Joseph's,64,9,10
2008,1,NW,6,3,Louisville,79,14,Boise St.,61,11,12
2008,1,NW,7,7,Butler,81,10,South Alabama,61,13,14
2008,1,NW,8,2,Tennessee,72,15,American,57,15,16
2008,1,SW,9,1,Kansas,85,16,Portland St.,61,17,18
2008,1,SW,10,8,UNLV,71,9,Kent St.,58,19,20
2008,1,SW,11,5,Clemson,69,12,Villanova,75,21,22
2008,1,SW,12,4,Vanderbilt,62,13,Siena,83,23,24
2008,1,SW,13,6,USC,67,11,Kansas St.,80,25,26
2008,1,SW,14,3,Wisconsin,71,14,Cal St. Fullerton,56,27,28
2008,1,SW,15,7,Gonzaga,76,10,Davidson,82,29,30
2008,1,SW,16,2,Georgetown,66,15,UMBC,47,31,32
2008,1,NE,17,1,Memphis,87,16,UT Arlington,63,33,34
2008,1,NE,18,8,Mississippi St.,76,9,Oregon,69,35,36
2008,1,NE,19,5,Michigan St.,72,12,Temple,61,37,38
2008,1,NE,20,4,Pittsburgh,82,13,Oral Roberts,63,39,40
2008,1,NE,21,6,Marquette,74,11,Kentucky,66,41,42
2008,1,NE,22,3,Stanford,77,14,Cornell,53,43,44
2008,1,NE,23,7,Miami FL,78,10,Saint Mary's,64,45,46
2008,1,NE,24,2,Texas,74,15,Austin Peay,54,47,48
2008,1,SE,25,1,UCLA,70,16,Mississippi Valley St.,29,49,50
2008,1,SE,26,8,BYU,62,9,Texas A&M,67,51,52
2008,1,SE,27,5,Drake,99,12,Western Kentucky,101,53,54
2008,1,SE,28,4,Connecticut,69,13,San Diego,70,55,56
2008,1,SE,29,6,Purdue,90,11,Baylor,79,57,58
2008,1,SE,30,3,Xavier,73,14,Georgia,61,59,60
2008,1,SE,31,7,West Virginia,75,10,Arizona,65,61,62
2008,1,SE,32,2,Duke,71,15,Belmont,70,63,64
2008,2,NW,33,1,North Carolina,108,9,Arkansas,77,1,4
2008,2,NW,34,4,Washington St.,61,5,Notre Dame,41,7,5
2008,2,NW,35,3,Louisville,78,6,Oklahoma,48,11,9
2008,2,NW,36,2,Tennessee,76,7,Butler,71,15,13
2008,2,SW,37,1,Kansas,75,8,UNLV,56,17,19
2008,2,SW,38,12,Villanova,84,13,Siena,72,22,24
2008,2,SW,39,3,Wisconsin,72,11,Kansas St.,55,27,26
2008,2,SW,40,2,Georgetown,70,10,Davidson,74,31,30
2008,2,NE,41,1,Memphis,77,8,Mississippi St.,74,33,35
2008,2,NE,42,4,Pittsburgh,54,5,Michigan St.,65,39,37
2008,2,NE,43,3,Stanford,82,6,Marquette,81,43,41
2008,2,NE,44,2,Texas,75,7,Miami FL,72,47,45
2008,2,SE,45,1,UCLA,53,9,Texas A&M,49,49,52
2008,2,SE,46,12,Western Kentucky,72,13,San Diego,63,54,56
2008,2,SE,47,3,Xavier,85,6,Purdue,78,59,57
2008,2,SE,48,2,Duke,67,7,West Virginia,73,63,61
2008,3,NW,49,1,North Carolina,68,4,Washington St.,47,1,7
2008,3,NW,50,2,Tennessee,60,3,Louisville,79,15,11
2008,3,SW,51,1,Kansas,72,12,Villanova,57,17,22
2008,3,SW,52,3,Wisconsin,56,10,Davidson,73,27,30
2008,3,NE,53,1,Memphis,92,5,Michigan St.,74,33,37
2008,3,NE,54,2,Texas,82,3,Stanford,62,47,43
2008,3,SE,55,1,UCLA,88,12,Western Kentucky,78,49,54
2008,3,SE,56,3,Xavier,79,7,West Virginia,75,59,61
2008,4,NW,57,1,North Carolina,83,3,Louisville,73,1,11
2008,4,SW,58,1,Kansas,59,10,Davidson,57,17,30
2008,4,NE,59,1,Memphis,85,2,Texas,67,33,47
2008,4,SE,60,1,UCLA,76,3,Xavier,57,49,59
2008,5,F4,61,1,Kansas,84,1,North Carolina,66,17,1
2008,5,F4,62,1,Memphis,78,1,UCLA,63,33,49
2008,6,Champ,63,1,Kansas,75,1,Memphis,68,17,33
2009,0,PI,-1,16,Morehead St.,58,16,Alabama St.,43,2,65
2009,1,NW,1,1,Louisville,74,16,Morehead St.,54,1,2
2009,1,NW,2,8,Ohio St.,72,9,Siena,74,3,4
2009,1,NW,3,5,Utah,71,12,Arizona,84,5,6
2009,1,NW,4,4,Wake Forest,69,13,Cleveland St.,84,7,8
2009,1,NW,5,6,West Virginia,60,11,Dayton,68,9,10
2009,1,NW,6,3,Kansas,84,14,North Dakota St.,74,11,12
2009,1,NW,7,7,Boston College,55,10,USC,72,13,14
2009,1,NW,8,2,Michigan St.,77,15,Robert Morris,62,15,16
2009,1,SW,9,1,Connecticut,103,16,Chattanooga,47,17,18
2009,1,SW,10,8,BYU,66,9,Texas A&M,79,19,20
2009,1,SW,11,5,Purdue,61,12,Northern Iowa,56,21,22
2009,1,SW,12,4,Washington,71,13,Mississippi St.,58,23,24
2009,1,SW,13,6,Marquette,58,11,Utah St.,57,25,26
2009,1,SW,14,3,Missouri,78,14,Cornell,59,27,28
2009,1,SW,15,7,California,71,10,Maryland,84,29,30
2009,1,SW,16,2,Memphis,81,15,Cal St. Northridge,70,31,32
2009,1,NE,17,1,Pittsburgh,72,16,East Tennessee St.,62,33,34
2009,1,NE,18,8,Oklahoma St.,77,9,Tennessee,75,35,36
2009,1,NE,19,5,Florida St.,59,12,Wisconsin,61,37,38
2009,1,NE,20,4,Xavier,77,13,Portland St.,59,39,40
2009,1,NE,21,6,UCLA,65,11,VCU,64,41,42
2009,1,NE,22,3,Villanova,80,14,American,67,43,44
2009,1,NE,23,7,Texas,76,10,Minnesota,62,45,46
2009,1,NE,24,2,Duke,86,15,Binghamton,62,47,48
2009,1,SE,25,1,North Carolina,101,16,Radford,58,49,50
2009,1,SE,26,8,LSU,75,9,Butler,71,51,52
2009,1,SE,27,5,Illinois,72,12,Western Kentucky,76,53,54
2009,1,SE,28,4,Gonzaga,77,13,Akron,64,55,56
2009,1,SE,29,6,Arizona St.,66,11,Temple,57,57,58
2009,1,SE,30,3,Syracuse,59,14,Stephen F. Austin,44,59,60
2009,1,SE,31,7,Clemson,59,10,Michigan,62,61,62
2009,1,SE,32,2,Oklahoma,82,15,Morgan St.,54,63,64
2009,2,NW,33,1,Louisville,79,9,Siena,72,1,4
2009,2,NW,34,12,Arizona,71,13,Cleveland St.,57,6,8
2009,2,NW,35,3,Kansas,60,11,Dayton,43,11,10
2009,2,NW,36,2,Michigan St.,74,10,USC,69,15,14
2009,2,SW,37,1,Connecticut,92,9,Texas A&M,66,17,20
2009,2,SW,38,4,Washington,74,5,Purdue,76,23,21
2009,2,SW,39,3,Missouri,83,6,Marquette,79,27,25
2009,2,SW,40,2,Memphis,89,10,Maryland,70,31,30
2009,2,NE,41,1,Pittsburgh,84,8,Oklahoma St.,76,33,35
2009,2,NE,42,4,Xavier,60,12,Wisconsin,49,39,38
2009,2,NE,43,3,Villanova,89,6,UCLA,69,43,41
2009,2,NE,44,2,Duke,74,7,Texas,69,47,45
2009,2,SE,45,1,North Carolina,84,8,LSU,70,49,51
2009,2,SE,46,4,Gonzaga,83,12,Western Kentucky,81,55,54
2009,2,SE,47,3,Syracuse,78,6,Arizona St.,67,59,57
2009,2,SE,48,2,Oklahoma,73,10,Michigan,63,63,62
2009,3,NW,49,1,Louisville,103,12,Arizona,64,1,6
2009,3,NW,50,2,Michigan St.,67,3,Kansas,62,15,11
2009,3,SW,51,1,Connecticut,72,5,Purdue,60,17,21
2009,3,SW,52,2,Memphis,91,3,Missouri,102,31,27
2009,3,NE,53,1,Pittsburgh,60,4,Xavier,55,33,39
2009,3,NE,54,2,Duke,54,3,Villanova,77,47,43
2009,3,SE,55,1,North Carolina,98,4,Gonzaga,77,49,55
2009,3,SE,56,2,Oklahoma,84,3,Syracuse,71,63,59
2009,4,NW,57,1,Louisville,52,2,Michigan St.,64,1,15
2009,4,SW,58,1,Connecticut,82,3,Missouri,75,17,27
2009,4,NE,59,1,Pittsburgh,76,3,Villanova,78,33,43
2009,4,SE,60,1,North Carolina,72,2,Oklahoma,60,49,63
2009,5,F4,61,1,Connecticut,73,2,Michigan St.,82,17,15
2009,5,F4,62,1,North Carolina,83,3,Villanova,69,49,43
2009,6,Champ,63,1,North Carolina,89,2,Michigan St.,72,49,15
2010,0,PI,-1,16,Arkansas Pine Bluff,61,16,Winthrop,44,50,65
2010,1,NW,1,1,Kansas,90,16,Lehigh,74,1,2
2010,1,NW,2,8,UNLV,66,9,Northern Iowa,69,3,4
2010,1,NW,3,5,Michigan St.,70,12,New Mexico St.,67,5,6
2010,1,NW,4,4,Maryland,89,13,Houston,77,7,8
2010,1,NW,5,6,Tennessee,62,11,San Diego St.,59,9,10
2010,1,NW,6,3,Georgetown,83,14,Ohio,97,11,12
2010,1,NW,7,7,Oklahoma St.,59,10,Georgia Tech,64,13,14
2010,1,NW,8,2,Ohio St.,68,15,UC Santa Barbara,51,15,16
2010,1,SW,9,1,Syracuse,79,16,Vermont,56,17,18
2010,1,SW,10,8,Gonzaga,67,9,Florida St.,60,19,20
2010,1,SW,11,5,Butler,77,12,UTEP,59,21,22
2010,1,SW,12,4,Vanderbilt,65,13,Murray St.,66,23,24
2010,1,SW,13,6,Xavier,65,11,Minnesota,54,25,26
2010,1,SW,14,3,Pittsburgh,89,14,Oakland,66,27,28
2010,1,SW,15,7,BYU,99,10,Florida,92,29,30
2010,1,SW,16,2,Kansas St.,82,15,North Texas,62,31,32
2010,1,NE,17,1,Kentucky,100,16,East Tennessee St.,71,33,34
2010,1,NE,18,8,Texas,80,9,Wake Forest,81,35,36
2010,1,NE,19,5,Temple,65,12,Cornell,78,37,38
2010,1,NE,20,4,Wisconsin,53,13,Wofford,49,39,40
2010,1,NE,21,6,Marquette,78,11,Washington,80,41,42
2010,1,NE,22,3,New Mexico,62,14,Montana,57,43,44
2010,1,NE,23,7,Clemson,78,10,Missouri,86,45,46
2010,1,NE,24,2,West Virginia,77,15,Morgan St.,50,47,48
2010,1,SE,25,1,Duke,73,16,Arkansas Pine Bluff,44,49,50
2010,1,SE,26,8,California,77,9,Louisville,62,51,52
2010,1,SE,27,5,Texas A&M,69,12,Utah St.,53,53,54
2010,1,SE,28,4,Purdue,72,13,Siena,64,55,56
2010,1,SE,29,6,Notre Dame,50,11,Old Dominion,51,57,58
2010,1,SE,30,3,Baylor,68,14,Sam Houston St.,59,59,60
2010,1,SE,31,7,Richmond,71,10,Saint Mary's,80,61,62
2010,1,SE,32,2,Villanova,73,15,Robert Morris,70,63,64
2010,2,NW,33,1,Kansas,67,9,Northern Iowa,69,1,4
2010,2,NW,34,4,Maryland,83,5,Michigan St.,85,7,5
2010,2,NW,35,6,Tennessee,83,14,Ohio,68,9,12
2010,2,NW,36,2,Ohio St.,75,10,Georgia Tech,66,15,14
2010,2,SW,37,1,Syracuse,87,8,Gonzaga,65,17,19
2010,2,SW,38,5,Butler,54,13,Murray St.,52,21,24
2010,2,SW,39,3,Pittsburgh,68,6,Xavier,71,27,25
2010,2,SW,40,2,Kansas St.,84,7,BYU,72,31,29
2010,2,NE,41,1,Kentucky,90,9,Wake Forest,60,33,36
2010,2,NE,42,4,Wisconsin,69,12,Cornell,87,39,38
2010,2,NE,43,3,New Mexico,64,11,Washington,82,43,42
2010,2,NE,44,2,West Virginia,68,10,Missouri,59,47,46
2010,2,SE,45,1,Duke,68,8,California,53,49,51
2010,2,SE,46,4,Purdue,63,5,Texas A&M,61,55,53
2010,2,SE,47,3,Baylor,76,11,Old Dominion,68,59,58
2010,2,SE,48,2,Villanova,68,10,Saint Mary's,75,63,62
2010,3,NW,49,5,Michigan St.,59,9,Northern Iowa,52,5,4
2010,3,NW,50,2,Ohio St.,73,6,Tennessee,76,15,9
2010,3,SW,51,1,Syracuse,59,5,Butler,63,17,21
2010,3,SW,52,2,Kansas St.,101,6,Xavier,96,31,25
2010,3,NE,53,1,Kentucky,62,12,Cornell,45,33,38
2010,3,NE,54,2,West Virginia,69,11,Washington,56,47,42
2010,3,SE,55,1,Duke,70,4,Purdue,57,49,55
2010,3,SE,56,3,Baylor,72,10,Saint Mary's,49,59,62
2010,4,NW,57,5,Michigan St.,70,6,Tennessee,69,5,9
2010,4,SW,58,2,Kansas St.,56,5,Butler,63,31,21
2010,4,NE,59,1,Kentucky,66,2,West Virginia,73,33,47
2010,4,SE,60,1,Duke,78,3,Baylor,71,49,59
2010,5,F4,61,5,Butler,52,5,Michigan St.,50,21,5
2010,5,F4,62,1,Duke,78,2,West Virginia,57,49,47
2010,6,Champ,63,1,Duke,61,5,Butler,59,49,21
2011,0,PI,-4,16,UTSA,70,16,Alabama St.,61,2,65
2011,0,PI,-3,12,Clemson,70,12,UAB,52,6,65
2011,0,PI,-2,11,VCU,59,11,USC,46,42,65
2011,0,PI,-1,16,UNC Asheville,81,16,Little Rock,77,50,65
2011,1,NW,1,1,Ohio St.,75,16,UTSA,46,1,2
2011,1,NW,2,8,George Mason,61,9,Villanova,57,3,4
2011,1,NW,3,5,West Virginia,84,12,Clemson,76,5,6
2011,1,NW,4,4,Kentucky,59,13,Princeton,57,7,8
2011,1,NW,5,6,Xavier,55,11,Marquette,66,9,10
2011,1,NW,6,3,Syracuse,77,14,Indiana St.,60,11,12
2011,1,NW,7,7,Washington,68,10,Georgia,65,13,14
2011,1,NW,8,2,North Carolina,102,15,LIU,87,15,16
2011,1,SW,9,1,Duke,87,16,Hampton,45,17,18
2011,1,SW,10,8,Michigan,75,9,Tennessee,45,19,20
2011,1,SW,11,5,Arizona,77,12,Memphis,75,21,22
2011,1,SW,12,4,Texas,85,13,Oakland,81,23,24
2011,1,SW,13,6,Cincinnati,78,11,Missouri,63,25,26
2011,1,SW,14,3,Connecticut,81,14,Bucknell,52,27,28
2011,1,SW,15,7,Temple,66,10,Penn St.,64,29,30
2011,1,SW,16,2,San Diego St.,68,15,Northern Colorado,50,31,32
2011,1,NE,17,1,Kansas,72,16,Boston University,53,33,34
2011,1,NE,18,8,UNLV,62,9,Illinois,73,35,36
2011,1,NE,19,5,Vanderbilt,66,12,Richmond,69,37,38
2011,1,NE,20,4,Louisville,61,13,Morehead St.,62,39,40
2011,1,NE,21,6,Georgetown,56,11,VCU,74,41,42
2011,1,NE,22,3,Purdue,65,14,Saint Peter's,43,43,44
2011,1,NE,23,7,Texas A&M,50,10,Florida St.,57,45,46
2011,1,NE,24,2,Notre Dame,69,15,Akron,56,47,48
2011,1,SE,25,1,Pittsburgh,74,16,UNC Asheville,51,49,50
2011,1,SE,26,8,Butler,60,9,Old Dominion,58,51,52
2011,1,SE,27,5,Kansas St.,73,12,Utah St.,68,53,54
2011,1,SE,28,4,Wisconsin,72,13,Belmont,58,55,56
2011,1,SE,29,6,St. John's,71,11,Gonzaga,86,57,58
2011,1,SE,30,3,BYU,74,14,Wofford,66,59,60
2011,1,SE,31,7,UCLA,78,10,Michigan St.,76,61,62
2011,1,SE,32,2,Florida,79,15,UC Santa Barbara,51,63,64
2011,2,NW,33,1,Ohio St.,98,8,George Mason,66,1,3
2011,2,NW,34,4,Kentucky,71,5,West Virginia,63,7,5
2011,2,NW,35,3,Syracuse,62,11,Marquette,66,11,10
2011,2,NW,36,2,North Carolina,86,7,Washington,83,15,13
2011,2,SW,37,1,Duke,73,8,Michigan,71,17,19
2011,2,SW,38,4,Texas,69,5,Arizona,70,23,21
2011,2,SW,39,3,Connecticut,69,6,Cincinnati,58,27,25
2011,2,SW,40,2,San Diego St.,71,7,Temple,64,31,29
2011,2,NE,41,1,Kansas,73,9,Illinois,59,33,36
2011,2,NE,42,12,Richmond,65,13,Morehead St.,48,38,40
2011,2,NE,43,3,Purdue,76,11,VCU,94,43,42
2011,2,NE,44,2,Notre Dame,57,10,Florida St.,71,47,46
2011,2,SE,45,1,Pittsburgh,70,8,Butler,71,49,51
2011,2,SE,46,4,Wisconsin,70,5,Kansas St.,65,55,53
2011,2,SE,47,3,BYU,89,11,Gonzaga,67,59,58
2011,2,SE,48,2,Florida,73,7,UCLA,65,63,61
2011,3,NW,49,1,Ohio St.,60,4,Kentucky,62,1,7
2011,3,NW,50,2,North Carolina,81,11,Marquette,63,15,10
2011,3,SW,51,1,Duke,77,5,Arizona,93,17,21
2011,3,SW,52,2,San Diego St.,67,3,Connecticut,74,31,27
2011,3,NE,53,1,Kansas,77,12,Richmond,57,33,38
2011,3,NE,54,10,Florida St.,71,11,VCU,72,46,42
2011,3,SE,55,4,Wisconsin,54,8,Butler,61,55,51
2011,3,SE,56,2,Florida,83,3,BYU,74,63,59
2011,4,NW,57,2,North Carolina,69,4,Kentucky,76,15,7
2011,4,SW,58,3,Connecticut,65,5,Arizona,63,27,21
2011,4,NE,59,1,Kansas,61,11,VCU,71,33,42
2011,4,SE,60,2,Florida,71,8,Butler,74,63,51
2011,5,F4,61,3,Connecticut,56,4,Kentucky,55,27,7
2011,5,F4,62,8,Butler,70,11,VCU,62,51,42
2011,6,Champ,63,3,Connecticut,53,8,Butler,41,27,51
2012,0,PI,-4,16,Western Kentucky,59,16,Mississippi Valley St.,58,2,65
2012,0,PI,-3,14,BYU,78,14,Iona,72,28,65
2012,0,PI,-2,16,Vermont,71,16,Lamar,59,50,65
2012,0,PI,-1,12,South Florida,65,12,California,54,54,65
2012,1,NW,1,1,Kentucky,81,16,Western Kentucky,66,1,2
2012,1,NW,2,8,Iowa St.,77,9,Connecticut,64,3,4
2012,1,NW,3,5,Wichita St.,59,12,VCU,62,5,6
2012,1,NW,4,4,Indiana,79,13,New Mexico St.,66,7,8
2012,1,NW,5,6,UNLV,64,11,Colorado,68,9,10
2012,1,NW,6,3,Baylor,68,14,South Dakota St.,60,11,12
2012,1,NW,7,7,Notre Dame,63,10,Xavier,67,13,14
2012,1,NW,8,2,Duke,70,15,Lehigh,75,15,16
2012,1,SW,9,1,Michigan St.,89,16,LIU,67,17,18
2012,1,SW,10,8,Memphis,54,9,Saint Louis,61,19,20
2012,1,SW,11,5,New Mexico,75,12,Long Beach St.,68,21,22
2012,1,SW,12,4,Louisville,69,13,Davidson,62,23,24
2012,1,SW,13,6,Murray St.,58,11,Colorado St.,41,25,26
2012,1,SW,14,3,Marquette,88,14,BYU,68,27,28
2012,1,SW,15,7,Florida,71,10,Virginia,45,29,30
2012,1,SW,16,2,Missouri,84,15,Norfolk St.,86,31,32
2012,1,NE,17,1,Syracuse,72,16,UNC Asheville,65,33,34
2012,1,NE,18,8,Kansas St.,70,9,Southern Miss,64,35,36
2012,1,NE,19,5,Vanderbilt,79,12,Harvard,70,37,38
2012,1,NE,20,4,Wisconsin,73,13,Montana,49,39,40
2012,1,NE,21,6,Cincinnati,65,11,Texas,59,41,42
2012,1,NE,22,3,Florida St.,66,14,St. Bonaventure,63,43,44
2012,1,NE,23,7,Gonzaga,77,10,West Virginia,54,45,46
2012,1,NE,24,2,Ohio St.,78,15,Loyola MD,59,47,48
2012,1,SE,25,1,North Carolina,77,16,Vermont,58,49,50
2012,1,SE,26,8,Creighton,58,9,Alabama,57,51,52
2012,1,SE,27,5,Temple,44,12,South Florida,58,53,54
2012,1,SE,28,4,Michigan,60,13,Ohio,65,55,56
2012,1,SE,29,6,San Diego St.,65,11,North Carolina St.,79,57,58
2012,1,SE,30,3,Georgetown,74,14,Belmont,59,59,60
2012,1,SE,31,7,Saint Mary's,69,10,Purdue,72,61,62
2012,1,SE,32,2,Kansas,65,15,Detroit Mercy,50,63,64
2012,2,NW,33,1,Kentucky,87,8,Iowa St.,71,1,3
2012,2,NW,34,4,Indiana,63,12,VCU,61,7,6
2012,2,NW,35,3,Baylor,80,11,Colorado,63,11,10
2012,2,NW,36,10,Xavier,70,15,Lehigh,58,14,16
2012,2,SW,37,1,Michigan St.,65,9,Saint Louis,61,17,20
2012,2,SW,38,4,Louisville,59,5,New Mexico,56,23,21
2012,2,SW,39,3,Marquette,62,6,Murray St.,53,27,25
2012,2,SW,40,7,Florida,84,15,Norfolk St.,50,29,32
2012,2,NE,41,1,Syracuse,75,8,Kansas St.,59,33,35
2012,2,NE,42,4,Wisconsin,60,5,Vanderbilt,57,39,37
2012,2,NE,43,3,Florida St.,56,6,Cincinnati,62,43,41
2012,2,NE,44,2,Ohio St.,73,7,Gonzaga,66,47,45
2012,2,SE,45,1,North Carolina,87,8,Creighton,73,49,51
2012,2,SE,46,12,South Florida,56,13,Ohio,62,54,56
2012,2,SE,47,3,Georgetown,63,11,North Carolina St.,66,59,58
2012,2,SE,48,2,Kansas,63,10,Purdue,60,63,62
2012,3,NW,49,1,Kentucky,102,4,Indiana,90,1,7
2012,3,NW,50,3,Baylor,75,10,Xavier,70,11,14
2012,3,SW,51,1,Michigan St.,44,4,Louisville,57,17,23
2012,3,SW,52,3,Marquette,58,7,Florida,68,27,29
2012,3,NE,53,1,Syracuse,64,4,Wisconsin,63,33,39
2012,3,NE,54,2,Ohio St.,81,6,Cincinnati,66,47,41
2012,3,SE,55,1,North Carolina,73,13,Ohio,65,49,56
2012,3,SE,56,2,Kansas,60,11,North Carolina St.,57,63,58
2012,4,NW,57,1,Kentucky,82,3,Baylor,70,1,11
2012,4,SW,58,4,Louisville,72,7,Florida,68,23,29
2012,4,NE,59,1,Syracuse,70,2,Ohio St.,77,33,47
2012,4,SE,60,1,North Carolina,67,2,Kansas,80,49,63
2012,5,F4,61,1,Kentucky,69,4,Louisville,61,1,23
2012,5,F4,62,2,Kansas,64,2,Ohio St.,62,63,47
2012,6,Champ,63,1,Kentucky,67,2,Kansas,59,1,63
2013,0,PI,-4,16,North Carolina A&T,73,16,Liberty,72,2,65
2013,0,PI,-3,11,Saint Mary's,67,11,Middle Tennessee,54,10,65
2013,0,PI,-2,16,James Madison,68,16,LIU,55,50,65
2013,0,PI,-1,13,La Salle,80,13,Boise St.,71,24,65
2013,1,NW,1,1,Louisville,79,16,North Carolina A&T,48,1,2
2013,1,NW,2,8,Colorado St.,84,9,Missouri,72,3,4
2013,1,NW,3,5,Oklahoma St.,55,12,Oregon,68,5,6
2013,1,NW,4,4,Saint Louis,64,13,New Mexico St.,44,7,8
2013,1,NW,5,6,Memphis,54,11,Saint Mary's,52,9,10
2013,1,NW,6,3,Michigan St.,65,14,Valparaiso,54,11,12
2013,1,NW,7,7,Creighton,67,10,Cincinnati,63,13,14
2013,1,NW,8,2,Duke,73,15,Albany,61,15,16
2013,1,SW,9,1,Gonzaga,64,16,Southern,58,17,18
2013,1,SW,10,8,Pittsburgh,55,9,Wichita St.,73,19,20
2013,1,SW,11,5,Wisconsin,46,12,Mississippi,57,21,22
2013,1,SW,12,4,Kansas St.,61,13,La Salle,63,23,24
2013,1,SW,13,6,Arizona,81,11,Belmont,64,25,26
2013,1,SW,14,3,New Mexico,62,14,Harvard,68,27,28
2013,1,SW,15,7,Notre Dame,58,10,Iowa St.,76,29,30
2013,1,SW,16,2,Ohio St.,95,15,Iona,70,31,32
2013,1,NE,17,1,Kansas,64,16,Western Kentucky,57,33,34
2013,1,NE,18,8,North Carolina,78,9,Villanova,71,35,36
2013,1,NE,19,5,VCU,88,12,Akron,42,37,38
2013,1,NE,20,4,Michigan,71,13,South Dakota St.,56,39,40
2013,1,NE,21,6,UCLA,63,11,Minnesota,83,41,42
2013,1,NE,22,3,Florida,79,14,Northwestern St.,47,43,44
2013,1,NE,23,7,San Diego St.,70,10,Oklahoma,55,45,46
2013,1,NE,24,2,Georgetown,68,15,Florida Gulf Coast,78,47,48
2013,1,SE,25,1,Indiana,83,16,James Madison,62,49,50
2013,1,SE,26,8,North Carolina St.,72,9,Temple,76,51,52
2013,1,SE,27,5,UNLV,61,12,California,64,53,54
2013,1,SE,28,4,Syracuse,81,13,Montana,34,55,56
2013,1,SE,29,6,Butler,68,11,Bucknell,56,57,58
2013,1,SE,30,3,Marquette,59,14,Davidson,58,59,60
2013,1,SE,31,7,Illinois,57,10,Colorado,49,61,62
2013,1,SE,32,2,Miami FL,78,15,Pacific,49,63,64
2013,2,NW,33,1,Louisville,82,8,Colorado St.,56,1,3
2013,2,NW,34,4,Saint Louis,57,12,Oregon,74,7,6
2013,2,NW,35,3,Michigan St.,70,6,Memphis,48,11,9
2013,2,NW,36,2,Duke,66,7,Creighton,50,15,13
2013,2,SW,37,1,Gonzaga,70,9,Wichita St.,76,17,20
2013,2,SW,38,12,Mississippi,74,13,La Salle,76,22,24
2013,2,SW,39,6,Arizona,74,14,Harvard,51,25,28
2013,2,SW,40,2,Ohio St.,78,10,Iowa St.,75,31,30
2013,2,NE,41,1,Kansas,70,8,North Carolina,58,33,35
2013,2,NE,42,4,Michigan,78,5,VCU,53,39,37
2013,2,NE,43,3,Florida,78,11,Minnesota,64,43,42
2013,2,NE,44,7,San Diego St.,71,15,Florida Gulf Coast,81,45,48
2013,2,SE,45,1,Indiana,58,9,Temple,52,49,52
2013,2,SE,46,4,Syracuse,66,12,California,60,55,54
2013,2,SE,47,3,Marquette,74,6,Butler,72,59,57
2013,2,SE,48,2,Miami FL,63,7,Illinois,59,63,61
2013,3,NW,49,1,Louisville,77,12,Oregon,69,1,6
2013,3,NW,50,2,Duke,71,3,Michigan St.,61,15,11
2013,3,SW,51,9,Wichita St.,72,13,La Salle,58,20,24
2013,3,SW,52,2,Ohio St.,73,6,Arizona,70,31,25
2013,3,NE,53,1,Kansas,85,4,Michigan,87,33,39
2013,3,NE,54,3,Florida,62,15,Florida Gulf Coast,50,43,48
2013,3,SE,55,1,Indiana,50,4,Syracuse,61,49,55
2013,3,SE,56,2,Miami FL,61,3,Marquette,71,63,59
2013,4,NW,57,1,Louisville,85,2,Duke,63,1,15
2013,4,SW,58,2,Ohio St.,66,9,Wichita St.,70,31,20
2013,4,NE,59,3,Florida,59,4,Michigan,79,43,39
2013,4,SE,60,3,Marquette,39,4,Syracuse,55,59,55
2013,5,F4,61,1,Louisville,72,9,Wichita St.,68,1,20
2013,5,F4,62,4,Michigan,61,4,Syracuse,56,39,55
2013,6,Champ,63,1,Louisville,82,4,Michigan,76,1,39
2014,0,PI,-4,16,Albany,71,16,Mount St. Mary's,64,2,65
2014,0,PI,-3,12,North Carolina St.,74,12,Xavier,59,54,65
2014,0,PI,-2,16,Cal Poly,81,16,Texas Southern,69,50,65
2014,0,PI,-1,11,Tennessee,78,11,Iowa,65,58,65
2014,1,NW,1,1,Florida,67,16,Albany,55,1,2
2014,1,NW,2,8,Colorado,48,9,Pittsburgh,77,3,4
2014,1,NW,3,5,VCU,75,12,Stephen F. Austin,77,5,6
2014,1,NW,4,4,UCLA,76,13,Tulsa,59,7,8
2014,1,NW,5,6,Ohio St.,59,11,Dayton,60,9,10
2014,1,NW,6,3,Syracuse,77,14,Western Michigan,53,11,12
2014,1,NW,7,7,New Mexico,53,10,Stanford,58,13,14
2014,1,NW,8,2,Kansas,80,15,Eastern Kentucky,69,15,16
2014,1,SW,9,1,Virginia,70,16,Coastal Carolina,59,17,18
2014,1,SW,10,8,Memphis,71,9,George Washington,66,19,20
2014,1,SW,11,5,Cincinnati,57,12,Harvard,61,21,22
2014,1,SW,12,4,Michigan St.,93,13,Delaware,78,23,24
2014,1,SW,13,6,North Carolina,79,11,Providence,77,25,26
2014,1,SW,14,3,Iowa St.,93,14,North Carolina Central,75,27,28
2014,1,SW,15,7,Connecticut,89,10,Saint Joseph's,81,29,30
2014,1,SW,16,2,Villanova,73,15,Milwaukee,53,31,32
2014,1,NE,17,1,Arizona,68,16,Weber St.,59,33,34
2014,1,NE,18,8,Gonzaga,85,9,Oklahoma St.,77,35,36
2014,1,NE,19,5,Oklahoma,75,12,North Dakota St.,80,37,38
2014,1,NE,20,4,San Diego St.,73,13,New Mexico St.,69,39,40
2014,1,NE,21,6,Baylor,74,11,Nebraska,60,41,42
2014,1,NE,22,3,Creighton,76,14,Louisiana,66,43,44
2014,1,NE,23,7,Oregon,87,10,BYU,68,45,46
2014,1,NE,24,2,Wisconsin,75,15,American,35,47,48
2014,1,SE,25,1,Wichita St.,64,16,Cal Poly,37,49,50
2014,1,SE,26,8,Kentucky,56,9,Kansas St.,49,51,52
2014,1,SE,27,5,Saint Louis,83,12,North Carolina St.,80,53,54
2014,1,SE,28,4,Louisville,71,13,Manhattan,64,55,56
2014,1,SE,29,6,Massachusetts,67,11,Tennessee,86,57,58
2014,1,SE,30,3,Duke,71,14,Mercer,78,59,60
2014,1,SE,31,7,Texas,87,10,Arizona St.,85,61,62
2014,1,SE,32,2,Michigan,57,15,Wofford,40,63,64
2014,2,NW,33,1,Florida,61,9,Pittsburgh,45,1,4
2014,2,NW,34,4,UCLA,77,12,Stephen F. Austin,60,7,6
2014,2,NW,35,3,Syracuse,53,11,Dayton,55,11,10
2014,2,NW,36,2,Kansas,57,10,Stanford,60,15,14
2014,2,SW,37,1,Virginia,78,8,Memphis,60,17,19
2014,2,SW,38,4,Michigan St.,80,12,Harvard,73,23,22
2014,2,SW,39,3,Iowa St.,85,6,North Carolina,83,27,25
2014,2,SW,40,2,Villanova,65,7,Connecticut,77,31,29
2014,2,NE,41,1,Arizona,84,8,Gonzaga,61,33,35
2014,2,NE,42,4,San Diego St.,63,12,North Dakota St.,44,39,38
2014,2,NE,43,3,Creighton,55,6,Baylor,85,43,41
2014,2,NE,44,2,Wisconsin,85,7,Oregon,77,47,45
2014,2,SE,45,1,Wichita St.,76,8,Kentucky,78,49,51
2014,2,SE,46,4,Louisville,66,5,Saint Louis,51,55,53
2014,2,SE,47,11,Tennessee,83,14,Mercer,63,58,60
2014,2,SE,48,2,Michigan,79,7,Texas,65,63,61
2014,3,NW,49,1,Florida,79,4,UCLA,68,1,7
2014,3,NW,50,10,Stanford,72,11,Dayton,82,14,10
2014,3,SW,51,1,Virginia,59,4,Michigan St.,61,17,23
2014,3,SW,52,3,Iowa St.,76,7,Connecticut,81,27,29
2014,3,NE,53,1,Arizona,70,4,San Diego St.,64,33,39
2014,3,NE,54,2,Wisconsin,69,6,Baylor,52,47,41
2014,3,SE,55,4,Louisville,69,8,Kentucky,74,55,51
2014,3,SE,56,2,Michigan,73,11,Tennessee,71,63,58
2014,4,NW,57,1,Florida,62,11,Dayton,52,1,10
2014,4,SW,58,4,Michigan St.,54,7,Connecticut,60,23,29
2014,4,NE,59,1,Arizona,63,2,Wisconsin,64,33,47
2014,4,SE,60,2,Michigan,72,8,Kentucky,75,63,51
2014,5,F4,61,1,Florida,53,7,Connecticut,63,1,29
2014,5,F4,62,2,Wisconsin,73,8,Kentucky,74,47,51
2014,6,Champ,63,7,Connecticut,60,8,Kentucky,54,29,51
2015,0,PI,-4,16,Hampton,74,16,Manhattan,64,2,65
2015,0,PI,-3,11,Mississippi,94,11,BYU,90,26,65
2015,0,PI,-2,11,Dayton,56,11,Boise St.,55,42,65
2015,0,PI,-1,16,Robert Morris,81,16,North Florida,77,50,65
2015,1,NW,1,1,Kentucky,79,16,Hampton,56,1,2
2015,1,NW,2,8,Cincinnati,66,9,Purdue,65,3,4
2015,1,NW,3,5,West Virginia,68,12,Buffalo,62,5,6
2015,1,NW,4,4,Maryland,65,13,Valparaiso,62,7,8
2015,1,NW,5,6,Butler,56,11,Texas,48,9,10
2015,1,NW,6,3,Notre Dame,69,14,Northeastern,65,11,12
2015,1,NW,7,7,Wichita St.,81,10,Indiana,76,13,14
2015,1,NW,8,2,Kansas,75,15,New Mexico St.,56,15,16
2015,1,SW,9,1,Wisconsin,86,16,Coastal Carolina,72,17,18
2015,1,SW,10,8,Oregon,79,9,Oklahoma St.,73,19,20
2015,1,SW,11,5,Arkansas,56,12,Wofford,53,21,22
2015,1,SW,12,4,North Carolina,67,13,Harvard,65,23,24
2015,1,SW,13,6,Xavier,76,11,Mississippi,57,25,26
2015,1,SW,14,3,Baylor,56,14,Georgia St.,57,27,28
2015,1,SW,15,7,VCU,72,10,Ohio St.,75,29,30
2015,1,SW,16,2,Arizona,93,15,Texas Southern,72,31,32
2015,1,NE,17,1,Villanova,93,16,Louisiana,52,33,34
2015,1,NE,18,8,North Carolina St.,66,9,LSU,65,35,36
2015,1,NE,19,5,Northern Iowa,71,12,Wyoming,54,37,38
2015,1,NE,20,4,Louisville,57,13,UC Irvine,55,39,40
2015,1,NE,21,6,Providence,53,11,Dayton,66,41,42
2015,1,NE,22,3,Oklahoma,69,14,Albany,60,43,44
2015,1,NE,23,7,Michigan St.,70,10,Georgia,63,45,46
2015,1,NE,24,2,Virginia,79,15,Belmont,67,47,48
2015,1,SE,25,1,Duke,85,16,Robert Morris,56,49,50
2015,1,SE,26,8,San Diego St.,76,9,St. John's,64,51,52
2015,1,SE,27,5,Utah,57,12,Stephen F. Austin,50,53,54
2015,1,SE,28,4,Georgetown,84,13,Eastern Washington,74,55,56
2015,1,SE,29,6,SMU,59,11,UCLA,60,57,58
2015,1,SE,30,3,Iowa St.,59,14,UAB,60,59,60
2015,1,SE,31,7,Iowa,83,10,Davidson,52,61,62
2015,1,SE,32,2,Gonzaga,86,15,North Dakota St.,76,63,64
2015,2,NW,33,1,Kentucky,64,8,Cincinnati,51,1,3
2015,2,NW,34,4,Maryland,59,5,West Virginia,69,7,5
2015,2,NW,35,3,Notre Dame,67,6,Butler,64,11,9
2015,2,NW,36,2,Kansas,65,7,Wichita St.,78,15,13
2015,2,SW,37,1,Wisconsin,72,8,Oregon,65,17,19
2015,2,SW,38,4,North Carolina,87,5,Arkansas,78,23,21
2015,2,SW,39,6,Xavier,75,14,Georgia St.,67,25,28
2015,2,SW,40,2,Arizona,73,10,Ohio St.,58,31,30
2015,2,NE,41,1,Villanova,68,8,North Carolina St.,71,33,35
2015,2,NE,42,4,Louisville,66,5,Northern Iowa,53,39,37
2015,2,NE,43,3,Oklahoma,72,11,Dayton,66,43,42
2015,2,NE,44,2,Virginia,54,7,Michigan St.,60,47,45
2015,2,SE,45,1,Duke,68,8,San Diego St.,49,49,51
2015,2,SE,46,4,Georgetown,64,5,Utah,75,55,53
2015,2,SE,47,11,UCLA,92,14,UAB,75,58,60
2015,2,SE,48,2,Gonzaga,87,7,Iowa,69,63,61
2015,3,NW,49,1,Kentucky,78,5,West Virginia,39,1,5
2015,3,NW,50,3,Notre Dame,81,7,Wichita St.,70,11,13
2015,3,SW,51,1,Wisconsin,79,4,North Carolina,72,17,23
2015,3,SW,52,2,Arizona,68,6,Xavier,60,31,25
2015,3,NE,53,4,Louisville,75,8,North Carolina St.,65,39,35
2015,3,NE,54,3,Oklahoma,58,7,Michigan St.,62,43,45
2015,3,SE,55,1,Duke,63,5,Utah,57,49,53
2015,3,SE,56,2,Gonzaga,74,11,UCLA,62,63,58
2015,4,NW,57,1,Kentucky,68,3,Notre Dame,66,1,11
2015,4,SW,58,1,Wisconsin,85,2,Arizona,78,17,31
2015,4,NE,59,4,Louisville,70,7,Michigan St.,76,39,45
2015,4,SE,60,1,Duke,66,2,Gonzaga,52,49,63
2015,5,F4,61,1,Wisconsin,71,1,Kentucky,64,17,1
2015,5,F4,62,1,Duke,81,7,Michigan St.,61,49,45
2015,6,Champ,63,1,Duke,68,1,Wisconsin,63,49,17
2016,0,PI,-4,11,Wichita St.,70,11,Vanderbilt,50,10,65
2016,0,PI,-3,16,Holy Cross,59,16,Southern,55,18,65
2016,0,PI,-2,16,Florida Gulf Coast,96,16,Fairleigh Dickinson,65,34,65
2016,0,PI,-1,11,Michigan,67,11,Tulsa,62,42,65
2016,1,NW,1,1,Kansas,105,16,Austin Peay,79,1,2
2016,1,NW,2,8,Colorado,67,9,Connecticut,74,3,4
2016,1,NW,3,5,Maryland,79,12,South Dakota St.,74,5,6
2016,1,NW,4,4,California,66,13,Hawaii,77,7,8
2016,1,NW,5,6,Arizona,55,11,Wichita St.,65,9,10
2016,1,NW,6,3,Miami FL,79,14,Buffalo,72,11,12
2016,1,NW,7,7,Iowa,72,10,Temple,70,13,14
2016,1,NW,8,2,Villanova,86,15,UNC Asheville,56,15,16
2016,1,SW,9,1,Oregon,91,16,Holy Cross,52,17,18
2016,1,SW,10,8,Saint Joseph's,78,9,Cincinnati,76,19,20
2016,1,SW,11,5,Baylor,75,12,Yale,79,21,22
2016,1,SW,12,4,Duke,93,13,UNC Wilmington,85,23,24
2016,1,SW,13,6,Texas,72,11,Northern Iowa,75,25,26
2016,1,SW,14,3,Texas A&M,92,14,Green Bay,65,27,28
2016,1,SW,15,7,Oregon St.,67,10,VCU,75,29,30
2016,1,SW,16,2,Oklahoma,82,15,Cal St. Bakersfield,68,31,32
2016,1,NE,17,1,North Carolina,83,16,Florida Gulf Coast,67,33,34
2016,1,NE,18,8,USC,69,9,Providence,70,35,36
2016,1,NE,19,5,Indiana,99,12,Chattanooga,74,37,38
2016,1,NE,20,4,Kentucky,85,13,Stony Brook,57,39,40
2016,1,NE,21,6,Notre Dame,70,11,Michigan,63,41,42
2016,1,NE,22,3,West Virginia,56,14,Stephen F. Austin,70,43,44
2016,1,NE,23,7,Wisconsin,47,10,Pittsburgh,43,45,46
2016,1,NE,24,2,Xavier,71,15,Weber St.,53,47,48
2016,1,SE,25,1,Virginia,81,16,Hampton,45,49,50
2016,1,SE,26,8,Texas Tech,61,9,Butler,71,51,52
2016,1,SE,27,5,Purdue,83,12,Little Rock,85,53,54
2016,1,SE,28,4,Iowa St.,94,13,Iona,81,55,56
2016,1,SE,29,6,Seton Hall,52,11,Gonzaga,68,57,58
2016,1,SE,30,3,Utah,80,14,Fresno St.,69,59,60
2016,1,SE,31,7,Dayton,51,10,Syracuse,70,61,62
2016,1,SE,32,2,Michigan St.,81,15,Middle Tennessee,90,63,64
2016,2,NW,33,1,Kansas,73,9,Connecticut,61,1,4
2016,2,NW,34,5,Maryland,73,13,Hawaii,60,5,8
2016,2,NW,35,3,Miami FL,65,11,Wichita St.,57,11,10
2016,2,NW,36,2,Villanova,87,7,Iowa,68,15,13
2016,2,SW,37,1,Oregon,69,8,Saint Joseph's,64,17,19
2016,2,SW,38,4,Duke,71,12,Yale,64,23,22
2016,2,SW,39,3,Texas A&M,92,11,Northern Iowa,88,27,26
2016,2,SW,40,2,Oklahoma,85,10,VCU,81,31,30
2016,2,NE,41,1,North Carolina,85,9,Providence,66,33,36
2016,2,NE,42,4,Kentucky,67,5,Indiana,73,39,37
2016,2,NE,43,6,Notre Dame,76,14,Stephen F. Austin,75,41,44
2016,2,NE,44,2,Xavier,63,7,Wisconsin,66,47,45
2016,2,SE,45,1,Virginia,77,9,Butler,69,49,52
2016,2,SE,46,4,Iowa St.,78,12,Little Rock,61,55,54
2016,2,SE,47,3,Utah,59,11,Gonzaga,82,59,58
2016,2,SE,48,10,Syracuse,75,15,Middle Tennessee,50,62,64
2016,3,NW,49,1,Kansas,79,5,Maryland,63,1,5
2016,3,NW,50,2,Villanova,92,3,Miami FL,69,15,11
2016,3,SW,51,1,Oregon,82,4,Duke,68,17,23
2016,3,SW,52,2,Oklahoma,77,3,Texas A&M,63,31,27
2016,3,NE,53,1,North Carolina,101,5,Indiana,86,33,37
2016,3,NE,54,6,Notre Dame,61,7,Wisconsin,56,41,45
2016,3,SE,55,1,Virginia,84,4,Iowa St.,71,49,55
2016,3,SE,56,10,Syracuse,63,11,Gonzaga,60,62,58
2016,4,NW,57,1,Kansas,59,2,Villanova,64,1,15
2016,4,SW,58,1,Oregon,68,2,Oklahoma,80,17,31
2016,4,NE,59,1,North Carolina,88,6,Notre Dame,74,33,41
2016,4,SE,60,1,Virginia,62,10,Syracuse,68,49,62
2016,5,F4,61,2,Villanova,95,2,Oklahoma,51,15,31
2016,5,F4,62,1,North Carolina,83,10,Syracuse,66,33,62
2016,6,Champ,63,1,North Carolina,74,2,Villanova,77,33,15
2017,0,PI,-4,16,Mount St. Mary's,67,16,New Orleans,66,2,65
2017,0,PI,-3,11,USC,75,11,Providence,71,10,65
2017,0,PI,-2,16,UC Davis,67,16,North Carolina Central,63,34,65
2017,0,PI,-1,11,Kansas St.,95,11,Wake Forest,88,58,65
2017,1,NW,1,1,Villanova,76,16,Mount St. Mary's,56,1,2
2017,1,NW,2,8,Wisconsin,84,9,Virginia Tech,74,3,4
2017,1,NW,3,5,Virginia,76,12,UNC Wilmington,71,5,6
2017,1,NW,4,4,Florida,80,13,East Tennessee St.,65,7,8
2017,1,NW,5,6,SMU,65,11,USC,66,9,10
2017,1,NW,6,3,Baylor,91,14,New Mexico St.,73,11,12
2017,1,NW,7,7,South Carolina,93,10,Marquette,73,13,14
2017,1,NW,8,2,Duke,87,15,Troy,65,15,16
2017,1,SW,9,1,Gonzaga,66,16,San Diego St.,46,17,18
2017,1,SW,10,8,Northwestern,68,9,Vanderbilt,66,19,20
2017,1,SW,11,5,Notre Dame,60,12,Princeton,58,21,22
2017,1,SW,12,4,West Virginia,86,13,Bucknell,80,23,24
2017,1,SW,13,6,Maryland,65,11,Xavier,76,25,26
2017,1,SW,14,3,Florida St.,86,14,Florida Gulf Coast,80,27,28
2017,1,SW,15,7,Saint Mary's,85,10,VCU,77,29,30
2017,1,SW,16,2,Arizona,100,15,North Dakota,82,31,32
2017,1,NE,17,1,Kansas,100,16,UC Davis,62,33,34
2017,1,NE,18,8,Miami FL,58,9,Michigan St.,78,35,36
2017,1,NE,19,5,Iowa St.,84,12,Nevada,73,37,38
2017,1,NE,20,4,Purdue,80,13,Vermont,70,39,40
2017,1,NE,21,6,Creighton,72,11,Rhode Island,84,41,42
2017,1,NE,22,3,Oregon,93,14,Iona,77,43,44
2017,1,NE,23,7,Michigan,92,10,Oklahoma St.,91,45,46
2017,1,NE,24,2,Louisville,78,15,Jacksonville St.,63,47,48
2017,1,SE,25,1,North Carolina,103,16,Texas Southern,64,49,50
2017,1,SE,26,8,Arkansas,77,9,Seton Hall,71,51,52
2017,1,SE,27,5,Minnesota,72,12,Middle Tennessee,81,53,54
2017,1,SE,28,4,Butler,76,13,Winthrop,64,55,56
2017,1,SE,29,6,Cincinnati,75,11,Kansas St.,61,57,58
2017,1,SE,30,3,UCLA,97,14,Kent St.,80,59,60
2017,1,SE,31,7,Dayton,58,10,Wichita St.,64,61,62
2017,1,SE,32,2,Kentucky,79,15,Northern Kentucky,70,63,64
2017,2,NW,33,1,Villanova,62,8,Wisconsin,65,1,3
2017,2,NW,34,4,Florida,65,5,Virginia,39,7,5
2017,2,NW,35,3,Baylor,82,11,USC,78,11,10
2017,2,NW,36,2,Duke,81,7,South Carolina,88,15,13
2017,2,SW,37,1,Gonzaga,79,8,Northwestern,73,17,19
2017,2,SW,38,4,West Virginia,83,5,Notre Dame,71,23,21
2017,2,SW,39,3,Florida St.,66,11,Xavier,91,27,26
2017,2,SW,40,2,Arizona,69,7,Saint Mary's,60,31,29
2017,2,NE,41,1,Kansas,90,9,Michigan St.,70,33,36
2017,2,NE,42,4,Purdue,80,5,Iowa St.,76,39,37
2017,2,NE,43,3,Oregon,75,11,Rhode Island,72,43,42
2017,2,NE,44,2,Louisville,69,7,Michigan,73,47,45
2017,2,SE,45,1,North Carolina,72,8,Arkansas,65,49,51
2017,2,SE,46,4,Butler,74,12,Middle Tennessee,65,55,54
2017,2,SE,47,3,UCLA,79,6,Cincinnati,67,59,57
2017,2,SE,48,2,Kentucky,65,10,Wichita St.,62,63,62
2017,3,NW,49,4,Florida,84,8,Wisconsin,83,7,3
2017,3,NW,50,3,Baylor,50,7,South Carolina,70,11,13
2017,3,SW,51,1,Gonzaga,61,4,West Virginia,58,17,23
2017,3,SW,52,2,Arizona,71,11,Xavier,73,31,26
2017,3,NE,53,1,Kansas,98,4,Purdue,66,33,39
2017,3,NE,54,3,Oregon,69,7,Michigan,68,43,45
2017,3,SE,55,1,North Carolina,92,4,Butler,80,49,55
2017,3,SE,56,2,Kentucky,86,3,UCLA,75,63,59
2017,4,NW,57,4,Florida,70,7,South Carolina,77,7,13
2017,4,SW,58,1,Gonzaga,83,11,Xavier,59,17,26
2017,4,NE,59,1,Kansas,60,3,Oregon,74,33,43
2017,4,SE,60,1,North Carolina,75,2,Kentucky,73,49,63
2017,5,F4,61,1,Gonzaga,77,7,South Carolina,73,17,13
2017,5,F4,62,1,North Carolina,77,3,Oregon,76,49,43
2017,6,Champ,63,1,North Carolina,71,1,Gonzaga,65,49,17
2018,0,PI,-4,16,Radford,71,16,LIU,61,34,65
2018,0,PI,-3,11,St. Bonaventure,65,11,UCLA,58,42,65
2018,0,PI,-2,16,Texas Southern,64,16,North Carolina Central,46,20,65
2018,0,PI,-1,11,Syracuse,60,11,Arizona St.,56,58,65
2018,1,NW,1,1,Virginia,54,16,UMBC,74,1,4
2018,1,NW,2,8,Creighton,59,9,Kansas St.,69,5,6
2018,1,NW,3,5,Kentucky,78,12,Davidson,73,7,8
2018,1,NW,4,4,Arizona,68,13,Buffalo,89,9,10
2018,1,NW,5,6,Miami FL,62,11,Loyola Chicago,64,11,12
2018,1,NW,6,3,Tennessee,73,14,Wright St.,47,13,14
2018,1,NW,7,7,Nevada,87,10,Texas,83,15,16
2018,1,SW,8,2,Cincinnati,68,15,Georgia St.,53,17,18
2018,1,SW,9,1,Xavier,102,16,Texas Southern,83,19,20
2018,1,SW,10,8,Missouri,54,9,Florida St.,67,21,22
2018,1,NW,11,5,Ohio St.,81,12,South Dakota St.,73,2,3
2018,1,SW,12,4,Gonzaga,68,13,UNC Greensboro,64,23,24
2018,1,SW,13,6,Houston,67,11,San Diego St.,65,25,26
2018,1,SW,14,3,Michigan,61,14,Montana,47,27,28
2018,1,SW,15,7,Texas A&M,73,10,Providence,69,29,30
2018,1,SW,16,2,North Carolina,84,15,Lipscomb,66,31,32
2018,1,NE,17,1,Villanova,87,16,Radford,61,33,34
2018,1,NE,18,8,Virginia Tech,83,9,Alabama,86,35,36
2018,1,NE,19,5,West Virginia,85,12,Murray St.,68,37,38
2018,1,NE,20,4,Wichita St.,75,13,Marshall,81,39,40
2018,1,NE,21,6,Florida,77,11,St. Bonaventure,62,41,42
2018,1,NE,22,3,Texas Tech,70,14,Stephen F. Austin,60,43,44
2018,1,NE,23,7,Arkansas,62,10,Butler,79,45,46
2018,1,NE,24,2,Purdue,74,15,Cal St. Fullerton,48,47,48
2018,1,SE,25,1,Kansas,76,16,Penn,60,49,50
2018,1,SE,26,8,Seton Hall,94,9,North Carolina St.,83,51,52
2018,1,SE,27,5,Clemson,79,12,New Mexico St.,68,53,54
2018,1,SE,28,4,Auburn,62,13,Charleston,58,55,56
2018,1,SE,29,6,TCU,52,11,Syracuse,57,57,58
2018,1,SE,30,3,Michigan St.,82,14,Bucknell,78,59,60
2018,1,SE,31,7,Rhode Island,83,10,Oklahoma,78,61,62
2018,1,SE,32,2,Duke,89,15,Iona,67,63,64
2018,2,NW,33,9,Kansas St.,50,16,UMBC,43,6,4
2018,2,NW,34,5,Kentucky,95,13,Buffalo,75,7,10
2018,2,NW,35,3,Tennessee,62,11,Loyola Chicago,63,13,12
2018,2,NW,36,2,Cincinnati,73,7,Nevada,75,17,15
2018,2,SW,37,1,Xavier,70,9,Florida St.,75,19,22
2018,2,SW,38,4,Gonzaga,90,5,Ohio St.,84,23,2
2018,2,SW,39,3,Michigan,64,6,Houston,63,27,25
2018,2,SW,40,2,North Carolina,65,7,Texas A&M,86,31,29
2018,2,NE,41,1,Villanova,81,9,Alabama,58,33,36
2018,2,NE,42,5,West Virginia,89,13,Marshall,62,37,40
2018,2,NE,43,3,Texas Tech,69,6,Florida,66,43,41
2018,2,NE,44,2,Purdue,76,10,Butler,73,47,46
2018,2,SE,45,1,Kansas,83,8,Seton Hall,79,49,51
2018,2,SE,46,4,Auburn,53,5,Clemson,84,55,53
2018,2,SE,47,3,Michigan St.,53,11,Syracuse,55,59,58
2018,2,SE,48,2,Duke,87,7,Rhode Island,62,63,61
2018,3,NW,49,5,Kentucky,58,9,Kansas St.,61,7,6
2018,3,NW,50,7,Nevada,68,11,Loyola Chicago,69,15,12
2018,3,SW,51,4,Gonzaga,60,9,Florida St.,75,23,22
2018,3,SW,52,3,Michigan,99,7,Texas A&M,72,27,29
2018,3,NE,53,1,Villanova,90,5,West Virginia,78,33,37
2018,3,NE,54,2,Purdue,65,3,Texas Tech,78,47,43
2018,3,SE,55,1,Kansas,80,5,Clemson,76,49,53
2018,3,SE,56,2,Duke,69,11,Syracuse,65,63,58
2018,4,NW,57,9,Kansas St.,62,11,Loyola Chicago,78,6,12
2018,4,SW,58,3,Michigan,58,9,Florida St.,54,27,22
2018,4,NE,59,1,Villanova,71,3,Texas Tech,59,33,43
2018,4,SE,60,1,Kansas,85,2,Duke,81,49,63
2018,5,F4,61,3,Michigan,69,11,Loyola Chicago,57,27,12
2018,5,F4,62,1,Villanova,95,1,Kansas,79,33,49
2018,6,Champ,63,1,Villanova,79,3,Michigan,62,33,27
2019,0,PI,-4,16,North Dakota St.,82,16,North Carolina Central,76,2,65
2019,0,PI,-3,11,Belmont,81,11,Temple,70,10,65
2019,0,PI,-2,16,Fairleigh Dickinson,82,16,Prairie View A&M,76,18,65
2019,0,PI,-1,11,Arizona St.,74,11,St. John's,65,26,65
2019,1,NW,1,1,Duke,85,16,North Dakota St.,62,1,2
2019,1,NW,2,8,VCU,58,9,UCF,73,3,4
2019,1,NW,3,5,Mississippi St.,76,12,Liberty,80,5,6
2019,1,NW,4,4,Virginia Tech,66,13,Saint Louis,52,7,8
2019,1,NW,5,6,Maryland,79,11,Belmont,77,9,10
2019,1,NW,6,3,LSU,79,14,Yale,74,11,12
2019,1,NW,7,7,Louisville,76,10,Minnesota,86,13,14
2019,1,NW,8,2,Michigan St.,76,15,Bradley,65,15,16
2019,1,SW,9,1,Gonzaga,87,16,Fairleigh Dickinson,49,17,18
2019,1,SW,10,8,Syracuse,69,9,Baylor,78,19,20
2019,1,SW,11,5,Marquette,64,12,Murray St.,83,21,22
2019,1,SW,12,4,Florida St.,76,13,Vermont,69,23,24
2019,1,SW,13,6,Buffalo,91,11,Arizona St.,74,25,26
2019,1,SW,14,3,Texas Tech,72,14,Northern Kentucky,57,27,28
2019,1,SW,15,7,Nevada,61,10,Florida,70,29,30
2019,1,SW,16,2,Michigan,74,15,Montana,55,31,32
2019,1,NE,17,1,Virginia,71,16,Gardner Webb,56,33,34
2019,1,NE,18,8,Mississippi,72,9,Oklahoma,95,35,36
2019,1,NE,19,5,Wisconsin,54,12,Oregon,72,37,38
2019,1,NE,20,4,Kansas St.,64,13,UC Irvine,70,39,40
2019,1,NE,21,6,Villanova,61,11,Saint Mary's,57,41,42
2019,1,NE,22,3,Purdue,61,14,Old Dominion,46,43,44
2019,1,NE,23,7,Cincinnati,72,10,Iowa,79,45,46
2019,1,NE,24,2,Tennessee,77,15,Colgate,70,47,48
2019,1,SE,25,1,North Carolina,88,16,Iona,73,49,50
2019,1,SE,26,8,Utah St.,61,9,Washington,78,51,52
2019,1,SE,27,5,Auburn,78,12,New Mexico St.,77,53,54
2019,1,SE,28,4,Kansas,87,13,Northeastern,53,55,56
2019,1,SE,29,6,Iowa St.,59,11,Ohio St.,62,57,58
2019,1,SE,30,3,Houston,84,14,Georgia St.,55,59,60
2019,1,SE,31,7,Wofford,84,10,Seton Hall,68,61,62
2019,1,SE,32,2,Kentucky,79,15,Abilene Christian,44,63,64
2019,2,NW,33,1,Duke,77,9,UCF,76,1,4
2019,2,NW,34,4,Virginia Tech,67,12,Liberty,58,7,6
2019,2,NW,35,3,LSU,69,6,Maryland,67,11,9
2019,2,NW,36,2,Michigan St.,70,10,Minnesota,50,15,14
2019,2,SW,37,1,Gonzaga,83,9,Baylor,71,17,20
2019,2,SW,38,4,Florida St.,90,12,Murray St.,62,23,22
2019,2,SW,39,3,Texas Tech,62,6,Buffalo,58,27,25
2019,2,SW,40,2,Michigan,64,10,Florida,49,31,30
2019,2,NE,41,1,Virginia,63,9,Oklahoma,51,33,36
2019,2,NE,42,12,Oregon,73,13,UC Irvine,54,38,40
2019,2,NE,43,3,Purdue,87,6,Villanova,61,43,41
2019,2,NE,44,2,Tennessee,83,10,Iowa,77,47,46
2019,2,SE,45,1,North Carolina,81,9,Washington,59,49,52
2019,2,SE,46,4,Kansas,75,5,Auburn,89,55,53
2019,2,SE,47,3,Houston,74,11,Ohio St.,59,59,58
2019,2,SE,48,2,Kentucky,62,7,Wofford,56,63,61
2019,3,NW,49,1,Duke,75,4,Virginia Tech,73,1,7
2019,3,NW,50,2,Michigan St.,80,3,LSU,63,15,11
2019,3,SW,51,1,Gonzaga,72,4,Florida St.,58,17,23
2019,3,SW,52,2,Michigan,44,3,Texas Tech,63,31,27
2019,3,NE,53,1,Virginia,53,12,Oregon,49,33,38
2019,3,NE,54,2,Tennessee,94,3,Purdue,99,47,43
2019,3,SE,55,1,North Carolina,80,5,Auburn,97,49,53
2019,3,SE,56,2,Kentucky,62,3,Houston,58,63,59
2019,4,NW,57,1,Duke,67,2,Michigan St.,68,1,15
2019,4,SW,58,1,Gonzaga,69,3,Texas Tech,75,17,27
2019,4,NE,59,1,Virginia,80,3,Purdue,75,33,43
2019,4,SE,60,2,Kentucky,71,5,Auburn,77,63,53
2019,5,F4,61,2,Michigan St.,51,3,Texas Tech,61,15,27
2019,5,F4,62,1,Virginia,63,5,Auburn,62,33,53
2019,6,Champ,63,1,Virginia,85,3,Texas Tech,77,33,27
2021,0,PI,-4,16,Texas Southern,60,16,Mount St. Mary's,52,18,65
2021,0,PI,-3,11,Drake,53,11,Wichita St.,52,10,65
2021,0,PI,-2,16,Norfolk St.,54,16,Appalachian St.,53,2,65
2021,0,PI,-1,11,UCLA,86,11,Michigan St.,80,26,65
2021,1,NW,1,1,Gonzaga,98,16,Norfolk St.,55,1,2
2021,1,NW,2,8,Oklahoma,72,9,Missouri,68,3,4
2021,1,NW,3,5,Creighton,63,12,UC Santa Barbara,62,5,6
2021,1,NW,4,4,Virginia,58,13,Ohio,62,7,8
2021,1,NW,5,6,USC,72,11,Drake,56,9,10
2021,1,NW,6,3,Kansas,93,14,Eastern Washington,84,11,12
2021,1,NW,7,7,Oregon,1,10,VCU,0,13,14
2021,1,NW,8,2,Iowa,86,15,Grand Canyon,74,15,16
2021,1,SW,9,1,Michigan,82,16,Texas Southern,66,17,18
2021,1,SW,10,8,LSU,76,9,St. Bonaventure,61,19,20
2021,1,SW,11,5,Colorado,96,12,Georgetown,73,21,22
2021,1,SW,12,4,Florida St.,64,13,UNC Greensboro,54,23,24
2021,1,SW,13,6,BYU,62,11,UCLA,73,25,26
2021,1,SW,14,3,Texas,52,14,Abilene Christian,53,27,28
2021,1,SW,15,7,Connecticut,54,10,Maryland,63,29,30
2021,1,SW,16,2,Alabama,68,15,Iona,55,31,32
2021,1,NE,17,1,Baylor,79,16,Hartford,55,33,34
2021,1,NE,18,8,North Carolina,62,9,Wisconsin,85,35,36
2021,1,NE,19,5,Villanova,73,12,Winthrop,63,37,38
2021,1,NE,20,4,Purdue,69,13,North Texas,78,39,40
2021,1,NE,21,6,Texas Tech,65,11,Utah St.,53,41,42
2021,1,NE,22,3,Arkansas,85,14,Colgate,68,43,44
2021,1,NE,23,7,Florida,75,10,Virginia Tech,70,45,46
2021,1,NE,24,2,Ohio St.,72,15,Oral Roberts,75,47,48
2021,1,SE,25,1,Illinois,78,16,Drexel,49,49,50
2021,1,SE,26,8,Loyola Chicago,71,9,Georgia Tech,60,51,52
2021,1,SE,27,5,Tennessee,56,12,Oregon St.,70,53,54
2021,1,SE,28,4,Oklahoma St.,69,13,Liberty,60,55,56
2021,1,SE,29,6,San Diego St.,62,11,Syracuse,78,57,58
2021,1,SE,30,3,West Virginia,84,14,Morehead St.,67,59,60
2021,1,SE,31,7,Clemson,56,10,Rutgers,60,61,62
2021,1,SE,32,2,Houston,87,15,Cleveland St.,56,63,64
2021,2,NW,33,1,Gonzaga,87,8,Oklahoma,71,1,3
2021,2,NW,34,5,Creighton,72,13,Ohio,58,5,8
2021,2,NW,35,3,Kansas,51,6,USC,85,11,9
2021,2,NW,36,2,Iowa,80,7,Oregon,95,15,13
2021,2,SW,37,1,Michigan,86,8,LSU,78,17,19
2021,2,SW,38,4,Florida St.,71,5,Colorado,53,23,21
2021,2,SW,39,11,UCLA,67,14,Abilene Christian,47,26,28
2021,2,SW,40,2,Alabama,96,10,Maryland,77,31,30
2021,2,NE,41,1,Baylor,76,9,Wisconsin,63,33,36
2021,2,NE,42,5,Villanova,84,13,North Texas,61,37,40
2021,2,NE,43,3,Arkansas,68,6,Texas Tech,66,43,41
2021,2,NE,44,7,Florida,78,15,Oral Roberts,81,45,48
2021,2,SE,45,1,Illinois,58,8,Loyola Chicago,71,49,51
2021,2,SE,46,4,Oklahoma St.,70,12,Oregon St.,80,55,54
2021,2,SE,47,3,West Virginia,72,11,Syracuse,75,59,58
2021,2,SE,48,2,Houston,63,10,Rutgers,60,63,62
2021,3,NW,49,1,Gonzaga,83,5,Creighton,65,1,5
2021,3,NW,50,6,USC,73,7,Oregon,57,9,13
2021,3,SW,51,1,Michigan,76,4,Florida St.,58,17,23
2021,3,SW,52,2,Alabama,78,11,UCLA,88,31,26
2021,3,NE,53,1,Baylor,62,5,Villanova,51,33,37
2021,3,NE,54,3,Arkansas,72,15,Oral Roberts,70,43,48
2021,3,SE,55,8,Loyola Chicago,58,12,Oregon St.,65,51,54
2021,3,SE,56,2,Houston,62,11,Syracuse,46,63,58
2021,4,NW,57,1,Gonzaga,85,6,USC,66,1,9
2021,4,SW,58,1,Michigan,49,11,UCLA,51,17,26
2021,4,NE,59,1,Baylor,81,3,Arkansas,72,33,43
2021,4,SE,60,2,Houston,67,12,Oregon St.,61,63,54
2021,5,F4,61,1,Gonzaga,93,11,UCLA,90,1,26
2021,5,F4,62,1,Baylor,78,2,Houston,59,33,63
2021,6,Champ,63,1,Baylor,86,1,Gonzaga,70,33,1
2022,0,PI,-4,16,Texas Southern,76,16,Texas A&M,67,18,65
2022,0,PI,-3,12,Wyoming,58,11,Indiana,66,10,65
2022,0,PI,-1,11,Rutgers,87,11,Notre Dame,89,26,65
2022,1,NW,1,1,Gonzaga,93,16,Georgia St.,72,1,2
2022,1,NW,2,8,Boise St.,53,9,Memphis,64,3,4
2022,1,NW,3,5,Connecticut,63,12,New Mexico St.,70,5,6
2022,1,NW,4,4,Arkansas,75,13,Vermont,71,7,8
2022,1,NW,5,6,Alabama,64,11,Notre Dame,78,9,10
2022,1,NW,6,3,Texas Tech,97,14,Montana St.,62,11,12
2022,1,NW,7,7,Michigan St.,74,10,Davidson,73,13,14
2022,1,NW,8,2,Duke,78,15,Cal St. Fullerton,61,15,16
2022,1,SW,9,1,Baylor,85,16,Norfolk St.,49,17,18
2022,1,SW,10,8,North Carolina,95,9,Marquette,63,19,20
2022,1,SW,11,5,Saint Mary's,82,12,Indiana,53,21,22
2022,1,SW,12,4,UCLA,57,13,Akron,53,23,24
2022,1,SW,13,6,Texas,81,11,Virginia Tech,73,25,26
2022,1,SW,14,3,Purdue,78,14,Yale,56,27,28
2022,1,SW,15,7,Murray St.,92,10,San Francisco,87,29,30
2022,1,SW,16,2,Kentucky,79,15,Saint Peter's,85,31,32
2022,1,NE,17,1,Arizona,87,16,Wright St.,70,33,34
2022,1,NE,18,8,Seton Hall,42,9,TCU,69,35,36
2022,1,NE,19,5,Houston,82,12,UAB,68,37,38
2022,1,NE,20,4,Illinois,54,13,Chattanooga,53,39,40
2022,1,NE,21,6,Colorado St.,63,11,Michigan,75,41,42
2022,1,NE,22,3,Tennessee,88,14,Longwood,56,43,44
2022,1,NE,23,7,Ohio St.,54,10,Loyola Chicago,41,45,46
2022,1,NE,24,2,Villanova,80,15,Delaware,60,47,48
2022,1,SE,25,1,Kansas,83,16,Texas Southern,56,49,50
2022,1,SE,26,8,San Diego St.,69,9,Creighton,72,51,52
2022,1,SE,27,5,Iowa,63,12,Richmond,67,53,54
2022,1,SE,28,4,Providence,66,13,South Dakota St.,57,55,56
2022,1,SE,29,6,LSU,54,11,Iowa St.,59,57,58
2022,1,SE,30,3,Wisconsin,67,14,Colgate,60,59,60
2022,1,SE,31,7,USC,66,10,Miami FL,68,61,62
2022,1,SE,32,2,Auburn,80,15,Jacksonville St.,61,63,64
2022,2,NW,33,1,Gonzaga,82,9,Memphis,78,1,4
2022,2,NW,34,4,Arkansas,53,12,New Mexico St.,48,7,6
2022,2,NW,35,3,Texas Tech,59,11,Notre Dame,53,11,10
2022,2,NW,36,2,Duke,85,7,Michigan St.,76,15,13
2022,2,SW,37,1,Baylor,86,8,North Carolina,93,17,19
2022,2,SW,38,4,UCLA,72,5,Saint Mary's,56,23,21
2022,2,SW,39,3,Purdue,81,6,Texas,71,27,25
2022,2,SW,40,7,Murray St.,60,15,Saint Peter's,70,29,32
2022,2,NE,41,1,Arizona,85,9,TCU,80,33,36
2022,2,NE,42,4,Illinois,53,5,Houston,68,39,37
2022,2,NE,43,3,Tennessee,68,11,Michigan,76,43,42
2022,2,NE,44,2,Villanova,71,7,Ohio St.,61,47,45
2022,2,SE,45,1,Kansas,79,9,Creighton,72,49,52
2022,2,SE,46,4,Providence,79,12,Richmond,51,55,54
2022,2,SE,47,3,Wisconsin,49,11,Iowa St.,54,59,58
2022,2,SE,48,2,Auburn,61,10,Miami FL,79,63,62
2022,3,NW,49,1,Gonzaga,68,4,Arkansas,74,1,7
2022,3,NW,50,2,Duke,78,3,Texas Tech,73,15,11
2022,3,SW,51,4,UCLA,66,8,North Carolina,73,23,19
2022,3,SW,52,3,Purdue,64,15,Saint Peter's,67,27,32
2022,3,NE,53,1,Arizona,60,5,Houston,72,33,37
2022,3,NE,54,2,Villanova,63,11,Michigan,55,47,42
2022,3,SE,55,1,Kansas,66,4,Providence,61,49,55
2022,3,SE,56,10,Miami FL,70,11,Iowa St.,56,63,58
2022,4,NW,57,2,Duke,78,4,Arkansas,69,15,7
2022,4,SW,58,5,North Carolina,69,15,Saint Peter's,49,19,32
2022,4,NE,59,2,Villanova,50,5,Houston,44,47,37
2022,4,SE,60,1,Kansas,76,10,Miami FL,50,49,63
2022,5,F4,61,2,Duke,77,8,North Carolina,81,15,19
2022,5,F4,62,1,Kansas,81,2,Villanova,65,49,47
2022,6,Champ,63,1,Kansas,72,8,North Carolina,69,49,19
2023,0,PI,-4,16,Texas A&M Corpus Chris,75,16,Southeast Missouri St.,71,2,65
2023,0,PI,-3,11,Mississippi St.,59,11,Pittsburgh,60,65,42
2023,0,PI,-2,16,Texas Southern,61,16,Fairleigh Dickinson,84,65,18
2023,0,PI,-1,11,Arizona St.,98,11,Nevada,73,58,65
2023,1,NW,1,1,Alabama,96,16,Texas A&M Corpus Chris,75,1,2
2023,1,NW,2,8,Maryland,67,9,West Virginia,65,3,4
2023,1,NW,3,5,San Diego St.,63,12,Charleston,57,5,6
2023,1,NW,4,4,Virginia,67,13,Furman,68,7,8
2023,1,NW,5,6,Creighton,72,11,North Carolina St.,63,9,10
2023,1,NW,6,3,Baylor,74,14,UC Santa Barbara,56,11,12
2023,1,NW,7,7,Missouri,76,10,Utah St.,65,13,14
2023,1,NW,8,2,Arizona,55,15,Princeton,59,15,16
2023,1,SW,9,1,Purdue,58,16,Fairleigh Dickinson,63,17,18
2023,1,SW,10,8,Memphis,65,9,Florida Atlantic,66,19,20
2023,1,SW,11,5,Duke,74,12,Oral Roberts,51,21,22
2023,1,SW,12,4,Tennessee,58,13,Louisiana,55,23,24
2023,1,SW,13,6,Kentucky,61,11,Providence,53,25,26
2023,1,SW,14,3,Kansas St.,77,14,Montana St.,65,27,28
2023,1,SW,15,7,Michigan St.,72,10,USC,62,29,30
2023,1,SW,16,2,Marquette,78,15,Vermont,61,31,32
2023,1,NE,17,1,Houston,63,16,Northern Kentucky,52,33,34
2023,1,NE,18,8,Iowa,75,9,Auburn,83,35,36
2023,1,NE,19,5,Miami FL,63,12,Drake,56,37,38
2023,1,NE,20,4,Indiana,71,13,Kent St.,60,39,40
2023,1,NE,21,6,Iowa St.,41,11,Pittsburgh,59,41,42
2023,1,NE,22,3,Xavier,72,14,Kennesaw St.,67,43,44
2023,1,NE,23,7,Texas A&M,59,10,Penn St.,76,45,46
2023,1,NE,24,2,Texas,81,15,Colgate,61,47,48
2023,1,SE,25,1,Kansas,96,16,Howard,68,49,50
2023,1,SE,26,8,Arkansas,73,9,Illinois,63,51,52
2023,1,SE,27,5,Saint Mary's,63,12,VCU,51,53,54
2023,1,SE,28,4,Connecticut,87,13,Iona,63,55,56
2023,1,SE,29,6,TCU,72,11,Arizona St.,70,57,58
2023,1,SE,30,3,Gonzaga,82,14,Grand Canyon,70,59,60
2023,1,SE,31,7,Northwestern,75,10,Boise St.,67,61,62
2023,1,SE,32,2,UCLA,86,15,UNC Asheville,53,63,64
2023,2,NW,33,1,Alabama,73,8,Maryland,51,1,3
2023,2,NW,34,5,San Diego St.,75,13,Furman,52,5,8
2023,2,NW,35,3,Baylor,76,6,Creighton,85,11,9
2023,2,NW,36,7,Missouri,63,15,Princeton,78,13,16
2023,2,SW,37,9,Florida Atlantic,78,16,Fairleigh Dickinson,70,20,18
2023,2,SW,38,4,Tennessee,65,5,Duke,52,23,21
2023,2,SW,39,3,Kansas St.,75,6,Kentucky,69,27,25
2023,2,SW,40,2,Marquette,60,7,Michigan St.,69,31,29
2023,2,NE,41,1,Houston,81,9,Auburn,64,33,36
2023,2,NE,42,4,Indiana,69,5,Miami FL,85,39,37
2023,2,NE,43,3,Xavier,84,11,Pittsburgh,73,43,42
2023,2,NE,44,2,Texas,71,10,Penn St.,66,47,46
2023,2,SE,45,1,Kansas,71,8,Arkansas,72,49,51
2023,2,SE,46,4,Connecticut,70,5,Saint Mary's,55,55,53
2023,2,SE,47,3,Gonzaga,84,6,TCU,81,59,57
2023,2,SE,48,2,UCLA,68,7,Northwestern,63,63,61
2023,3,NW,49,1,Alabama,64,5,San Diego St.,71,1,5
2023,3,NW,50,6,Creighton,86,15,Princeton,75,9,16
2023,3,SW,51,4,Tennessee,55,9,Florida Atlantic,62,23,20
2023,3,SW,52,3,Kansas St.,93,7,Michigan St.,93,27,29
2023,3,NE,53,1,Houston,75,5,Miami FL,89,33,37
2023,3,NE,54,2,Texas,83,3,Xavier,71,47,43
2023,3,SE,55,4,Connecticut,88,8,Arkansas,65,55,51
2023,3,SE,56,2,UCLA,76,3,Gonzaga,79,63,59
2023,4,NW,57,5,San Diego St.,57,6,Creighton,56,5,9
2023,4,SW,58,3,Kansas St.,76,9,Florida Atlantic,79,27,20
2023,4,NE,59,2,Texas,81,5,Miami FL,88,47,37
2023,4,SE,60,3,Gonzaga,54,4,Connecticut,82,59,55
2023,5,F4,61,5,San Diego St.,72,9,Florida Atlantic,71,5,20
2023,5,F4,62,4,Connecticut,72,5,Miami FL,59,55,37
2023,6,Champ,63,4,Connecticut,76,5,San Diego St.,59,55,5
2024,0,PI,-4,10,Boise St.,72,10,Colorado,72,0,0
2024,0,PI,-3,16,Montana St.,72,16,Grambling St.,72,0,0
2024,0,PI,-2,10,Virginia,72,10,Colorado St.,72,0,0
2024,0,PI,-1,16,Howard,72,16,Wagner,72,0,0
2024,1,NW,1,1,Connecticut,72,16,Stetson,72,1,2
2024,1,NW,2,8,Florida Atlantic,72,9,Northwestern,72,3,4
2024,1,NW,3,5,San Diego St.,72,12,UAB,72,5,6
2024,1,NW,4,4,Auburn,72,13,Yale,72,7,8
2024,1,NW,5,6,BYU,72,11,Duquesne,72,9,10
2024,1,NW,6,3,Illinois,72,14,Morehead St.,72,11,12
2024,1,NW,7,7,Washington St.,72,10,Drake,72,13,14
2024,1,NW,8,2,Iowa St.,72,15,South Dakota St.,72,15,16
2024,1,SW,9,1,North Carolina,72,16,Howard,72,17,18
2024,1,SW,10,8,Mississippi St.,72,9,Michigan St.,72,19,20
2024,1,SW,11,5,Saint Mary's,72,12,Grand Canyon,72,21,22
2024,1,SW,12,4,Alabama,72,13,Charleston,72,23,24
2024,1,SW,13,6,Clemson,72,11,New Mexico,72,25,26
2024,1,SW,14,3,Baylor,72,14,Colgate,72,27,28
2024,1,SW,15,7,Dayton,72,10,Nevada,72,29,30
2024,1,SW,16,2,Arizona,72,15,Long Beach St.,72,31,32
2024,1,NE,17,1,Houston,72,16,Longwood,72,33,34
2024,1,NE,18,8,Nebraska,72,9,Texas A&M,72,35,36
2024,1,NE,19,5,Wisconsin,72,12,James Madison,72,37,38
2024,1,NE,20,4,Duke,72,13,Vermont,72,39,40
2024,1,NE,21,6,Texas Tech,72,11,North Carolina St.,72,41,42
2024,1,NE,22,3,Kentucky,72,14,Oakland,72,43,44
2024,1,NE,23,7,Florida,72,10,Boise St.,72,45,46
2024,1,NE,24,2,Marquette,72,15,Western Kentucky,72,47,48
2024,1,SE,25,1,Purdue,72,16,Montana St.,72,49,50
2024,1,SE,26,8,Utah St.,72,9,TCU,72,51,52
2024,1,SE,27,5,Gonzaga,72,12,McNeese St.,72,53,54
2024,1,SE,28,4,Kansas,72,13,Samford,72,55,56
2024,1,SE,29,6,South Carolina,72,11,Oregon,72,57,58
2024,1,SE,30,3,Creighton,72,14,Akron,72,59,60
2024,1,SE,31,7,Texas,72,10,Virginia,72,61,62
2024,1,SE,32,2,Tennessee,72,15,Saint Peter's,72,63,64
